source_task,target_task,seed,source_matrix,target_matrix,is_identity_pair,probe_steps,task_gradient_norm,C_mse_avg_grad,C_mse_mean_cosine,mse_gradient_norm,task_mse_dot_product,raw_mse_distance,C_wasserstein_avg_grad,C_wasserstein_mean_cosine,wasserstein_gradient_norm,task_wasserstein_dot_product,raw_wasserstein_distance,C_kl_avg_grad,C_kl_mean_cosine,kl_gradient_norm,task_kl_dot_product,raw_kl_distance,zero_shot_source_return,zero_shot_source_success_rate,matrix_frobenius_distance,matrix_operator_distance,scratch_auc,transfer_auc,delta_auc,scratch_early_return,transfer_early_return,early_return_difference,scratch_final_return,transfer_final_return,final_return_difference,scratch_steps_to_success,transfer_steps_to_success,scratch_max_return,transfer_max_return,max_return_difference
0,0,0,"[[1.0, 0.0], [0.0, 1.0]]","[[1.0, 0.0], [0.0, 1.0]]",True,500,0.4402000281959772,0.9131054282188416,0.5270706973969936,14.400415706634522,3.3686881065368652,8.412910175323486,0.9130166172981262,0.5270159162580967,14.400438165664672,3.368366003036499,8.413333702087403,0.5748584866523743,0.3356063783168793,29.599418354034423,4.425702095031738,11.423199796676636,-4.952311552874744,1.0,0.0,0.0,-476725.70784883574,-369087.3931830749,107638.31466576084,-86.0981619104743,-75.03550138361751,11.062660526856789,-8.384526407159864,-7.204410608112812,1.1801157990470523,2000,2000,-8.04544975347817,-7.204410608112812,0.8410391453653583
0,1,0,"[[1.0, 0.0], [0.0, 1.0]]","[[0.7071067690849304, -0.7071067690849304], [0.7071067690849304, 0.7071067690849304]]",False,500,0.5005307145416736,0.6926982998847961,0.39228521957993506,12.201986742019653,2.574632167816162,6.79040219783783,0.6925597786903381,0.39219503588974475,12.202012586593629,2.574122905731201,6.790825152397156,0.5280731916427612,0.30004364605993034,24.17059211730957,3.921665668487549,9.220515465736389,-24.174143880605698,0.0,1.0823922157287598,0.7653668522834778,-648698.5944533721,-757016.9727990404,-108318.37834566832,-66.68810987323522,-61.60097313970327,5.087136733531949,-18.092010236158966,-23.021322856470942,-4.9293126203119755,5000,7000,-8.820567884109915,-9.916391714289784,-1.095823830179869
0,2,0,"[[1.0, 0.0], [0.0, 1.0]]","[[6.123234262925839e-17, -1.0], [1.0, 6.123234262925839e-17]]",False,500,0.47010158002376556,0.10923833400011063,0.12676403652876617,10.704643368721008,0.33209311962127686,5.567378449440002,0.10942040383815765,0.12689182572066784,10.704673147201538,0.3326475918292999,5.567800831794739,0.04932550713419914,0.08164664208889008,20.258409452438354,0.28678154945373535,7.560575914382935,-97.5221497029066,0.0,2.0,1.4142135381698608,-591797.5288985297,-1599584.4066368416,-1007786.8777383119,-58.75704097822309,-62.825851978361605,-4.068811000138517,-11.19063962250948,-40.88509923443198,-29.694459611922504,5000,11000,-10.424850622564554,-15.021053818240762,-4.596203195676209
0,3,0,"[[1.0, 0.0], [0.0, 1.0]]","[[-1.0, -1.2246468525851679e-16], [1.2246468525851679e-16, -1.0]]",False,500,0.49160854518413544,-0.9914040565490723,-0.73443423807621,9.963765692710876,-3.243683338165283,4.831253564357757,-0.9911863207817078,-0.7342439452186227,9.963797211647034,-3.2429816722869873,4.831671440601349,-0.7906360626220703,-0.5950983606278897,17.932767486572267,-4.711831092834473,6.568831896781921,-316.8936872035265,0.0,2.8284270763397217,2.0,-504300.0028401613,-5713885.901851952,-5209585.899011791,-63.70247673392296,-132.46140834093094,-68.75893160700798,-9.029838279634713,-328.971122944355,-319.9412846647203,2000,,-9.029838279634713,-85.0686123341322,-76.03877405449748
0,4,0,"[[1.0, 0.0], [0.0, 1.0]]","[[1.5, 0.0], [0.0, 0.6000000238418579]]",False,500,0.5105294704437255,0.9684127569198608,0.6044021071167662,14.926567554473877,4.461233139038086,8.656376957893372,0.9683869481086731,0.6044071641750633,14.926588678359986,4.46112060546875,8.656794381141662,0.660761833190918,0.42129190992563964,30.85610294342041,6.370077133178711,11.768338108062744,-3.1267973679117858,1.0,0.6403123736381531,0.5,-324698.3183708275,-282778.18117439747,41920.137196430005,-42.662469159066674,-41.49300273321569,1.1694664258509846,-8.808139611314981,-5.5543172147125,3.253822396602481,1000,1000,-8.808139611314981,-5.5543172147125,3.253822396602481
0,5,0,"[[1.0, 0.0], [0.0, 1.0]]","[[1.0, 0.75], [0.0, 1.0]]",False,500,0.4633266270160675,0.8049096465110779,0.6412428841926158,14.339496564865112,3.8486478328704834,8.29255814552307,0.8047464489936829,0.6410863704979419,14.339519214630126,3.8478736877441406,8.292984986305237,0.5573928952217102,0.45205192640423775,29.45358247756958,5.55012321472168,11.25970642566681,-4.855568888783455,1.0,0.75,0.75,-616509.7299231216,-439425.12921988964,177084.600703232,-79.61665754020214,-69.24351978600025,10.373137754201892,-17.372056879103184,-6.833994495868683,10.5380623832345,7000,2000,-8.239772694557905,-6.833994495868683,1.4057781986892222
0,6,0,"[[1.0, 0.0], [0.0, 1.0]]","[[-1.0, 0.0], [0.0, 1.0]]",False,500,0.5256442472338676,-0.9826709628105164,-0.6655096717178821,10.340025043487548,-3.8581581115722656,4.9480987071990965,-0.9825602173805237,-0.6654058009386062,10.340055894851684,-3.8577351570129395,4.948526167869568,-0.7367535829544067,-0.5092397898435592,19.13049473762512,-5.381292343139648,6.718794560432434,-281.3787901222706,0.0,2.0,2.0,-326747.136262618,-4807565.571928024,-4480818.435665406,-51.79871624410153,-93.03308554291725,-41.23436929881572,-8.869741969183087,-279.78910830914975,-270.91936633996664,3000,,-8.869741969183087,-71.84081943929195,-62.97107747010886
0,7,0,"[[1.0, 0.0], [0.0, 1.0]]","[[0.9192387461662292, -0.4949747323989868], [0.9192387461662292, 0.4949747323989868]]",False,500,0.42460711374878884,0.7116342186927795,0.4029196262359619,12.666212368011475,2.1635782718658447,7.186709475517273,0.7119133472442627,0.4030582278966904,12.666237688064575,2.164431095123291,7.1871319770812985,0.41834884881973267,0.25033099241554735,25.274996328353883,2.574254035949707,9.758842253684998,-25.686795584857464,0.0,1.162571668624878,1.0653667449951172,-991122.533182241,-1087229.1324649006,-96106.59928265959,-70.1751860409975,-65.07867875397206,5.096507287025446,-11.498121643438935,-26.018634848296642,-14.520513204857707,10000,8000,-10.032370851561428,-23.92887075692415,-13.896499905362724
1,0,0,"[[0.7071067690849304, -0.7071067690849304], [0.7071067690849304, 0.7071067690849304]]","[[1.0, 0.0], [0.0, 1.0]]",False,500,0.4402000281959772,0.43341052532196045,0.2792640011757612,22.444172382354736,2.493422031402588,21.254619979858397,0.43337199091911316,0.27923956997692584,22.444200229644775,2.493203639984131,21.255454874038698,0.2686507999897003,0.17611183375120162,51.972578620910646,3.637241840362549,28.881311321258544,-26.11607093438506,0.0,1.0823922157287598,0.7653668522834778,-476725.70784883574,-1039577.4499684572,-562851.7421196215,-86.0981619104743,-83.1383641384542,2.95979777202011,-8.384526407159864,-26.397710958123206,-18.01318455096334,2000,8000,-8.04544975347817,-15.374881212040782,-7.3294314585626115
1,1,0,"[[0.7071067690849304, -0.7071067690849304], [0.7071067690849304, 0.7071067690849304]]","[[0.7071067690849304, -0.7071067690849304], [0.7071067690849304, 0.7071067690849304]]",True,500,0.5005307145416736,0.9901584982872009,0.5356983833713457,19.46946864128113,5.877301216125488,17.825043058395387,0.9900177121162415,0.535607437719591,19.46950058937073,5.876474857330322,17.825878286361693,0.6454185843467712,0.34799209646880624,44.55761089324951,8.841797828674316,24.220244026184083,-3.2252070566639306,1.0,0.0,0.0,-648698.5944533721,-335497.00804222375,313201.5864111483,-66.68810987323522,-56.86058443710208,9.827525436133143,-18.092010236158966,-6.430352015793323,11.661658220365643,5000,1000,-8.820567884109915,-5.853818776831031,2.9667491072788836
1,2,0,"[[0.7071067690849304, -0.7071067690849304], [0.7071067690849304, 0.7071067690849304]]","[[6.123234262925839e-17, -1.0], [1.0, 6.123234262925839e-17]]",False,500,0.47010158002376556,0.764682412147522,0.4957052578218281,17.365132141113282,3.7808661460876465,14.95254979133606,0.7648187279701233,0.4957976394332945,17.365168190002443,3.781548500061035,14.95338397026062,0.4171818196773529,0.27647343892604115,38.255883407592776,4.577589988708496,20.31830668449402,-25.93733413890004,0.0,1.0823922157287598,0.7653668522834778,-591797.5288985297,-959528.2980805263,-367730.7691819966,-58.75704097822309,-53.6550549864769,5.10198599174619,-11.19063962250948,-31.020530424267054,-19.829890801757575,5000,7000,-10.424850622564554,-12.741693237796426,-2.316842615231872
1,3,0,"[[0.7071067690849304, -0.7071067690849304], [0.7071067690849304, 0.7071067690849304]]","[[-1.0, -1.2246468525851679e-16], [1.2246468525851679e-16, -1.0]]",False,500,0.49160854518413544,-0.7231090664863586,-0.5519729552790522,16.120934343338014,-3.8622560501098633,12.771702218055726,-0.7229171991348267,-0.5517964897677302,16.120972394943237,-3.861240863800049,12.772523283958435,-0.5371276140213013,-0.42555295340716837,33.15523996353149,-5.949560165405273,17.366822528839112,-334.7868391335011,0.0,2.613126039505005,1.8477591276168823,-504300.0028401613,-3929327.393823862,-3425027.3909837008,-63.70247673392296,-137.6678305953741,-73.96535386145115,-9.029838279634713,-202.07412992417812,-193.04429164454342,2000,,-9.029838279634713,-85.0686123341322,-76.03877405449748
1,4,0,"[[0.7071067690849304, -0.7071067690849304], [0.7071067690849304, 0.7071067690849304]]","[[1.5, 0.0], [0.0, 0.6000000238418579]]",False,500,0.5105294704437255,0.627122163772583,0.40742399673908947,23.091285514831544,4.470941066741943,21.7327091217041,0.6270808577537537,0.4074104418978095,23.0913125038147,4.4706525802612305,21.733530044555664,0.38806501030921936,0.24630891613196582,52.740417861938475,6.402586460113525,29.54971761703491,-21.792777323722838,0.0,1.280683994293213,1.2358598709106445,-324698.3183708275,-615655.9027574956,-290957.58438666817,-42.662469159066674,-47.039415537938474,-4.3769463788718,-8.808139611314981,-14.459415360540152,-5.651275749225171,1000,1000,-8.808139611314981,-11.696720084175467,-2.888580472860486
1,5,0,"[[0.7071067690849304, -0.7071067690849304], [0.7071067690849304, 0.7071067690849304]]","[[1.0, 0.75], [0.0, 1.0]]",False,500,0.4633266270160675,0.20417214930057526,0.18985517718192568,22.47209587097168,1.5304676294326782,21.21583695411682,0.20404458045959473,0.18973531294686835,22.472124099731445,1.5295133590698242,21.216674900054933,0.18583108484745026,0.17142468439415098,51.46341075897217,3.2336018085479736,28.826919651031496,-33.687896349281075,1.0,1.6717455387115479,1.4960448741912842,-616509.7299231216,-1195492.3414807767,-578982.611557655,-79.61665754020214,-90.21789470165967,-10.601237161457533,-17.372056879103184,-34.76426296904683,-17.39220608994365,7000,10000,-8.239772694557905,-30.664615279436113,-22.424842584878206
1,6,0,"[[0.7071067690849304, -0.7071067690849304], [0.7071067690849304, 0.7071067690849304]]","[[-1.0, 0.0], [0.0, 1.0]]",False,500,0.5256442472338676,-0.6558489799499512,-0.46505819298326967,17.007961750030518,-4.240700721740723,13.716660451889037,-0.6557607650756836,-0.4649750430136919,17.007998418807983,-4.240139961242676,13.717500591278077,-0.4570005238056183,-0.33000419177114965,35.45643091201782,-6.187773704528809,18.636945390701293,-334.75442956984045,0.0,2.0,2.0,-326747.136262618,-5463787.439602613,-5137040.303339995,-51.79871624410153,-93.81753550767898,-42.018819263577456,-8.869741969183087,-330.5912888258696,-321.7215468566865,3000,,-8.869741969183087,-71.84081943929195,-62.97107747010886
1,7,0,"[[0.7071067690849304, -0.7071067690849304], [0.7071067690849304, 0.7071067690849304]]","[[0.9192387461662292, -0.4949747323989868], [0.9192387461662292, 0.4949747323989868]]",False,500,0.42460711374878884,0.9707790017127991,0.5382249815389514,20.011910104751585,4.666150093078613,18.53935327529907,0.9710029363632202,0.5383297488093376,20.01194167137146,4.667233467102051,18.540188312530518,0.4642033874988556,0.2688659535720944,46.257250022888186,5.228430271148682,25.19109344482422,-19.71161770224571,0.0,0.42426401376724243,0.30000001192092896,-991122.533182241,-654088.9459026977,337033.5872795433,-70.1751860409975,-62.797130686044696,7.3780553549528065,-11.498121643438935,-22.693414049968123,-11.195292406529187,10000,5000,-10.032370851561428,-8.891744370013475,1.1406264815479528
2,0,0,"[[6.123234262925839e-17, -1.0], [1.0, 6.123234262925839e-17]]","[[1.0, 0.0], [0.0, 1.0]]",False,500,0.4402000281959772,-0.30888035893440247,-0.13766612596809863,20.26712989807129,-1.6031475067138672,17.565535640716554,-0.30892693996429443,-0.13769533336162568,20.267153882980345,-1.603391170501709,17.566182804107665,-0.07798609137535095,-0.023827633695327678,53.70511016845703,-1.0944452285766602,23.899058628082276,-99.5591998130083,0.0,2.0,1.4142135381698608,-476725.70784883574,-1806448.221155256,-1329722.5133064203,-86.0981619104743,-115.01284050047397,-28.914678589999667,-8.384526407159864,-55.66432665884495,-47.27980025168509,2000,,-8.04544975347817,-54.596079947799446,-46.55063019432127
2,1,0,"[[6.123234262925839e-17, -1.0], [1.0, 6.123234262925839e-17]]","[[0.7071067690849304, -0.7071067690849304], [0.7071067690849304, 0.7071067690849304]]",False,500,0.5005307145416736,0.712888777256012,0.37149859135970476,17.434737539291383,3.7852935791015625,14.617844390869141,0.7127541899681091,0.3714115952141583,17.43476538658142,3.7845847606658936,14.618490266799927,0.39591413736343384,0.20968659117352217,44.39665699005127,5.417476654052734,19.889567708969118,-20.754209230840207,0.0,1.0823922157287598,0.7653668522834778,-648698.5944533721,-1060535.4420503601,-411836.8475969881,-66.68810987323522,-73.99258773773909,-7.304477864503866,-18.092010236158966,-37.52117262668908,-19.429162390530113,5000,7000,-8.820567884109915,-15.6943074375391,-6.873739553429186
2,2,0,"[[6.123234262925839e-17, -1.0], [1.0, 6.123234262925839e-17]]","[[6.123234262925839e-17, -1.0], [1.0, 6.123234262925839e-17]]",True,500,0.47010158002376556,0.9729893803596497,0.5871948391199112,15.495281600952149,4.272191047668457,12.263093900680541,0.9731297492980957,0.5872911125421524,15.495312690734863,4.2728166580200195,12.263739275932313,0.4803852140903473,0.29750846782699225,37.21994762420654,5.150440216064453,16.685062646865845,-4.666971064172685,1.0,0.0,0.0,-591797.5288985297,-348503.29291298985,243294.23598553985,-58.75704097822309,-49.48258153684437,9.274459441378717,-11.19063962250948,-7.6978391472250225,3.492800475284457,5000,1000,-10.424850622564554,-6.322702178172767,4.102148444391787
2,3,0,"[[6.123234262925839e-17, -1.0], [1.0, 6.123234262925839e-17]]","[[-1.0, -1.2246468525851679e-16], [1.2246468525851679e-16, -1.0]]",False,500,0.49160854518413544,0.05300826206803322,-0.0018610840663313866,14.766386461257934,0.2562265992164612,10.850241994857788,0.05319298431277275,-0.001693467004224658,14.766418409347533,0.2571200728416443,10.85087685585022,-0.015281904488801956,-0.059875776246190074,32.98717575073242,-0.168395534157753,14.755750274658203,-107.63750174641609,0.0,2.0,1.4142135381698608,-504300.0028401613,-1946951.9657962024,-1442651.962956041,-63.70247673392296,-119.21551551222801,-55.51303877830505,-9.029838279634713,-56.570722456276414,-47.5408841766417,2000,11000,-9.029838279634713,-54.33889192789793,-45.309053648263216
2,4,0,"[[6.123234262925839e-17, -1.0], [1.0, 6.123234262925839e-17]]","[[1.5, 0.0], [0.0, 0.6000000238418579]]",False,500,0.5105294704437255,-0.10711093991994858,-0.04409122243523598,21.04331398010254,-0.6956633925437927,18.11707639694214,-0.10714588314294815,-0.04409963302314281,21.043336582183837,-0.6958910822868347,18.117711353302003,-0.06799910217523575,-0.05255540460348129,56.289678764343265,-1.2004201412200928,24.639064884185792,-75.57312215268612,0.0,2.1470911502838135,1.899999976158142,-324698.3183708275,-1296190.294412896,-971491.9760420686,-42.662469159066674,-77.86516356691718,-35.2026944078505,-8.808139611314981,-55.546508906781675,-46.7383692954667,1000,12000,-8.808139611314981,-17.332698537409307,-8.524558926094326
2,5,0,"[[6.123234262925839e-17, -1.0], [1.0, 6.123234262925839e-17]]","[[1.0, 0.75], [0.0, 1.0]]",False,500,0.4633266270160675,-0.5445889234542847,-0.3975132768508047,20.45963759422302,-3.7133665084838867,17.737549018859863,-0.5447165369987488,-0.39763379311189057,20.459661436080932,-3.7142410278320312,17.73819851875305,-0.1986456662416458,-0.13459411230869592,54.664292907714845,-3.6866252422332764,24.125156688690186,-168.9477766931057,0.0,2.462214469909668,2.075183868408203,-616509.7299231216,-2831449.689260125,-2214939.9593370035,-79.61665754020214,-139.62908223569394,-60.0124246954918,-17.372056879103184,-152.44972292482854,-135.07766604572535,7000,,-8.239772694557905,-111.34377070069313,-103.10399800613523
2,6,0,"[[6.123234262925839e-17, -1.0], [1.0, 6.123234262925839e-17]]","[[-1.0, 0.0], [0.0, 1.0]]",False,500,0.5256442472338676,0.0603146106004715,0.01965636289678514,15.109994840621948,0.3459077775478363,11.054927921295166,0.06040240824222565,0.019739359710365535,15.110026836395264,0.3464120626449585,11.055578804016113,0.0061471969820559025,-0.02168610175140202,35.46969118118286,0.08350250124931335,15.035677099227906,-329.73518576622007,0.0,2.0,2.0,-326747.136262618,-5159020.498877764,-4832273.362615146,-51.79871624410153,-81.34153531491756,-29.542819070816037,-8.869741969183087,-327.5330285340548,-318.66328656487167,3000,,-8.869741969183087,-71.84081943929195,-62.97107747010886
2,7,0,"[[6.123234262925839e-17, -1.0], [1.0, 6.123234262925839e-17]]","[[0.9192387461662292, -0.4949747323989868], [0.9192387461662292, 0.4949747323989868]]",False,500,0.42460711374878884,0.6715944409370422,0.36551247350871563,17.962155914306642,2.891530990600586,15.276595211029052,0.6718220710754395,0.36562118083238604,17.96218338012695,2.8925156593322754,15.277240753173828,0.24351610243320465,0.12166514052078128,45.87139253616333,2.731569290161133,20.785869455337526,-20.563464304804803,0.0,1.162571668624878,1.0653667449951172,-991122.533182241,-768904.8417113721,222217.6914708689,-70.1751860409975,-87.26107444912195,-17.085888408124447,-11.498121643438935,-9.03133781850338,2.466783824935556,10000,2000,-10.032370851561428,-9.03133781850338,1.0010330330580484
3,0,0,"[[-1.0, -1.2246468525851679e-16], [1.2246468525851679e-16, -1.0]]","[[1.0, 0.0], [0.0, 1.0]]",False,500,0.4402000281959772,-0.9196240305900574,-0.5352271928451955,19.554996299743653,-4.6023101806640625,15.563290166854859,-0.9197216033935547,-0.5352872363291681,19.555022621154784,-4.602805137634277,15.563985538482665,-0.5131198763847351,-0.30336007196456194,48.606058502197264,-6.508993148803711,21.1323600769043,-326.87860904932023,0.0,2.8284270763397217,2.0,-476725.70784883574,-6004444.168694317,-5527718.460845482,-86.0981619104743,-186.33254091143607,-100.23437900096177,-8.384526407159864,-332.0555867940187,-323.67106038685887,2000,,-8.04544975347817,-134.3971553504467,-126.35170559696853
3,1,0,"[[-1.0, -1.2246468525851679e-16], [1.2246468525851679e-16, -1.0]]","[[0.7071067690849304, -0.7071067690849304], [0.7071067690849304, 0.7071067690849304]]",False,500,0.5005307145416736,-0.688868522644043,-0.39025636203587055,16.926199674606323,-3.549117088317871,13.01795835494995,-0.6889820098876953,-0.3903274491429329,16.926230001449586,-3.549708366394043,13.018651914596557,-0.32184165716171265,-0.1864741137251258,40.427184391021726,-4.006181716918945,17.67707576751709,-216.69250507950784,0.0,2.613126039505005,1.8477591276168823,-648698.5944533721,-4252403.536964953,-3603704.942511581,-66.68810987323522,-143.61864480376244,-76.93053493052722,-18.092010236158966,-204.02057589292525,-185.9285656567663,5000,,-8.820567884109915,-113.11552520692348,-104.29495732281356
3,2,0,"[[-1.0, -1.2246468525851679e-16], [1.2246468525851679e-16, -1.0]]","[[6.123234262925839e-17, -1.0], [1.0, 6.123234262925839e-17]]",False,500,0.47010158002376556,-0.11260462552309036,-0.12972337156534194,15.220651197433472,-0.4848645329475403,11.15738639831543,-0.11243477463722229,-0.12960821874439715,15.220685005187988,-0.4841342568397522,11.15808026790619,-0.10006584227085114,-0.10047737065469846,34.50178346633911,-0.9925673007965088,15.152360200881958,-96.29864788651466,0.0,2.0,1.4142135381698608,-591797.5288985297,-2648542.6475718617,-2056745.118673332,-58.75704097822309,-113.8851240336895,-55.128083055466405,-11.19063962250948,-76.94220875501632,-65.75156913250684,5000,,-10.424850622564554,-76.94220875501632,-66.51735813245178
3,3,0,"[[-1.0, -1.2246468525851679e-16], [1.2246468525851679e-16, -1.0]]","[[-1.0, -1.2246468525851679e-16], [1.2246468525851679e-16, -1.0]]",True,500,0.49160854518413544,0.9899852871894836,0.7368974349461496,15.193551778793335,4.929187297821045,10.889590048789978,0.9901569485664368,0.737045852188021,15.19358549118042,4.930054187774658,10.890279865264892,0.5449031591415405,0.4083590008318424,33.08341884613037,6.022822380065918,14.805527305603027,-4.646631664037704,1.0,0.0,0.0,-504300.0028401613,-346289.4971989095,158010.5056412518,-63.70247673392296,-57.83024979680776,5.872226937115194,-9.029838279634713,-7.288969968259335,1.7408683113753787,2000,2000,-9.029838279634713,-6.393761378154158,2.636076901480555
3,4,0,"[[-1.0, -1.2246468525851679e-16], [1.2246468525851679e-16, -1.0]]","[[1.5, 0.0], [0.0, 0.6000000238418579]]",False,500,0.5105294704437255,-0.9739711880683899,-0.6110969604924321,20.47265820503235,-6.1526336669921875,16.34861831665039,-0.9739844799041748,-0.6110835514962674,20.472683954238892,-6.1527252197265625,16.349308347702028,-0.4791739881038666,-0.29870617501437663,51.8704647064209,-7.789267063140869,22.225703048706055,-324.6776048183441,0.0,2.9681644439697266,2.5,-324698.3183708275,-5992900.704826415,-5668202.386455587,-42.662469159066674,-186.9689748108387,-144.306505651772,-8.808139611314981,-332.5945346057415,-323.78639499442653,1000,,-8.808139611314981,-136.26942817866802,-127.46128856735304
3,5,0,"[[-1.0, -1.2246468525851679e-16], [1.2246468525851679e-16, -1.0]]","[[1.0, 0.75], [0.0, 1.0]]",False,500,0.4633266270160675,-0.817952036857605,-0.6529200579971075,19.833986902236937,-5.4024271965026855,15.869423770904541,-0.8181048631668091,-0.6530652882531285,19.834013414382934,-5.403444290161133,15.870123195648194,-0.3970322906970978,-0.32117448281496763,49.80659866333008,-6.70643424987793,21.5477210521698,-329.6233016431332,0.0,2.9261748790740967,2.4098525047302246,-616509.7299231216,-6086586.427278817,-5470076.697355695,-79.61665754020214,-194.03476507365704,-114.4181075334549,-17.372056879103184,-339.37732074856757,-322.0052638694644,7000,,-8.239772694557905,-132.5304774850607,-124.29070479050279
3,6,0,"[[-1.0, -1.2246468525851679e-16], [1.2246468525851679e-16, -1.0]]","[[-1.0, 0.0], [0.0, 1.0]]",False,500,0.5256442472338676,0.982081413269043,0.6602314241230488,14.959633016586304,5.573339462280273,10.270746350288391,0.9821743965148926,0.6603228867053985,14.959667587280274,5.573880195617676,10.271446704864502,0.5647931098937988,0.36816201321780684,33.61547775268555,7.2667388916015625,13.945858764648438,-136.84075506143273,0.2,2.0,2.0,-326747.136262618,-1864682.707625255,-1537935.571362637,-51.79871624410153,-44.05841636322439,7.740299880877139,-8.869741969183087,-182.700318518281,-173.8305765490979,3000,2000,-8.869741969183087,-9.322454871237278,-0.45271290205419135
3,7,0,"[[-1.0, -1.2246468525851679e-16], [1.2246468525851679e-16, -1.0]]","[[0.9192387461662292, -0.4949747323989868], [0.9192387461662292, 0.4949747323989868]]",False,500,0.42460711374878884,-0.7026142477989197,-0.4010004410520196,17.35674204826355,-2.9178428649902344,13.458918333053589,-0.7023457288742065,-0.4008606139570475,17.356771850585936,-2.9167332649230957,13.459611845016479,-0.4617144465446472,-0.25031569162383677,41.27460317611694,-4.650829792022705,18.276672697067262,-320.3023230493069,0.0,2.647343397140503,2.147758960723877,-991122.533182241,-5794098.444633186,-4802975.911450945,-70.1751860409975,-171.33210288584232,-101.15691684484482,-11.498121643438935,-315.6347216784954,-304.13660003505646,10000,,-10.032370851561428,-125.49426358640194,-115.46189273484052
4,0,0,"[[1.5, 0.0], [0.0, 0.6000000238418579]]","[[1.0, 0.0], [0.0, 1.0]]",False,500,0.4402000281959772,0.886391282081604,0.511629044637084,22.01981077194214,5.005107879638672,19.665929317474365,0.8863126635551453,0.5115802139043808,22.019844245910644,5.004672050476074,19.666903591156007,0.40372607111930847,0.23665058799088,60.776987075805664,6.41908073425293,26.70164852142334,-4.697698931209743,1.0,0.6403123736381531,0.5,-476725.70784883574,-367683.18006396294,109042.5277848728,-86.0981619104743,-76.16910233311356,9.929059577360746,-8.384526407159864,-6.757679970562458,1.6268464365974058,2000,2000,-8.04544975347817,-6.757679970562458,1.2877697829157118
4,1,0,"[[1.5, 0.0], [0.0, 0.6000000238418579]]","[[0.7071067690849304, -0.7071067690849304], [0.7071067690849304, 0.7071067690849304]]",False,500,0.5005307145416736,0.7514750957489014,0.4208684764802456,18.7174644947052,4.289065361022949,15.965065717697144,0.7513325214385986,0.4207744851708412,18.717503166198732,4.2882609367370605,15.966039276123047,0.44728031754493713,0.2522828073997516,49.65831632614136,6.852059364318848,21.67700061798096,-7.565897188335657,1.0,1.280683994293213,1.2358598709106445,-648698.5944533721,-740087.2594706714,-91388.66501729935,-66.68810987323522,-61.060981611162426,5.6271282620727945,-18.092010236158966,-9.767789003252982,8.324221232905984,5000,7000,-8.820567884109915,-9.767789003252982,-0.9472211191430677
4,2,0,"[[1.5, 0.0], [0.0, 0.6000000238418579]]","[[6.123234262925839e-17, -1.0], [1.0, 6.123234262925839e-17]]",False,500,0.47010158002376556,0.1852850615978241,0.1675579823553562,16.261750888824462,0.8586267232894897,12.940764141082763,0.18546247482299805,0.1676836946979165,16.26179618835449,0.859451413154602,12.94173731803894,0.06812632828950882,0.07920841965824366,40.64592771530151,0.8000025749206543,17.57211036682129,-66.18153143674135,0.0,2.1470911502838135,1.899999976158142,-591797.5288985297,-1356677.62005236,-764880.0911538303,-58.75704097822309,-61.9803043410182,-3.223263362795109,-11.19063962250948,-40.852199422568084,-29.661559800058605,5000,9000,-10.424850622564554,-18.845188196003438,-8.420337573438884
4,3,0,"[[1.5, 0.0], [0.0, 0.6000000238418579]]","[[-1.0, -1.2246468525851679e-16], [1.2246468525851679e-16, -1.0]]",False,500,0.49160854518413544,-0.987554132938385,-0.726282237842679,14.45456075668335,-4.72182035446167,10.458963298797608,-0.9873239994049072,-0.726078388094902,14.454611015319824,-4.720737457275391,10.459927964210511,-0.6409907937049866,-0.4875805974006653,32.869565868377684,-7.0830078125,14.22053952217102,-328.099855312705,0.0,2.9681644439697266,2.5,-504300.0028401613,-5724831.556557119,-5220531.553716958,-63.70247673392296,-133.13641774654388,-69.43394101262092,-9.029838279634713,-330.4229472875595,-321.3931090079248,2000,,-9.029838279634713,-85.0686123341322,-76.03877405449748
4,4,0,"[[1.5, 0.0], [0.0, 0.6000000238418579]]","[[1.5, 0.0], [0.0, 0.6000000238418579]]",True,500,0.5105294704437255,0.9603739380836487,0.5987950025126338,22.765749740600587,6.7520551681518555,20.1876784324646,0.9603433609008789,0.598795417137444,22.765781307220458,6.751849174499512,20.188642835617067,0.5022247433662415,0.3227209348231554,62.81951637268067,9.899438858032227,27.445032405853272,-2.96678862888366,1.0,0.0,0.0,-324698.3183708275,-280037.7059068531,44660.612463974394,-42.662469159066674,-41.936882109195,0.7255870498716774,-8.808139611314981,-4.993638721108437,3.8145008902065447,1000,1000,-8.808139611314981,-4.993638721108437,3.8145008902065447
4,5,0,"[[1.5, 0.0], [0.0, 0.6000000238418579]]","[[1.0, 0.75], [0.0, 1.0]]",False,500,0.4633266270160675,0.7690912485122681,0.6135502737015486,21.90397529602051,5.6238226890563965,19.376942300796507,0.7689328789710999,0.6133987080305815,21.904009342193604,5.622673034667969,19.377921676635744,0.41066405177116394,0.3359206837951206,60.109931755065915,8.387090682983398,26.309622859954835,-4.842096927203238,1.0,0.9861541390419006,0.9640873670578003,-616509.7299231216,-436103.84171213955,180405.88821098208,-79.61665754020214,-70.66427792422473,8.952379615977407,-17.372056879103184,-6.468938988819718,10.903117890283465,7000,2000,-8.239772694557905,-6.468938988819718,1.7708337057381867
4,6,0,"[[1.5, 0.0], [0.0, 0.6000000238418579]]","[[-1.0, 0.0], [0.0, 1.0]]",False,500,0.5256442472338676,-0.9769905805587769,-0.6682433381676673,15.72602162361145,-5.840435981750488,11.505717134475708,-0.9768809676170349,-0.6681422501802444,15.726068305969239,-5.839798450469971,11.506698036193848,-0.5756646990776062,-0.4056487247347832,37.452537059783936,-8.262080192565918,15.622538948059082,-283.97533152997494,0.0,2.5317976474761963,2.5,-326747.136262618,-4836508.086669445,-4509760.950406827,-51.79871624410153,-93.33255976736545,-41.533843523263926,-8.869741969183087,-282.6242326408625,-273.7544906716794,3000,,-8.869741969183087,-71.84081943929195,-62.97107747010886
4,7,0,"[[1.5, 0.0], [0.0, 0.6000000238418579]]","[[0.9192387461662292, -0.4949747323989868], [0.9192387461662292, 0.4949747323989868]]",False,500,0.42460711374878884,0.7643147706985474,0.4274006746709347,19.319169998168945,3.5530471801757812,16.78592801094055,0.7645877003669739,0.42753185480833056,19.31920838356018,3.554323434829712,16.786900901794432,0.314135879278183,0.19076162008568645,51.87744169235229,3.9929497241973877,22.791821241378784,-8.705381506681443,1.0,1.1992971897125244,1.104577898979187,-991122.533182241,-1012138.809257187,-21016.276074945927,-70.1751860409975,-64.78375546336174,5.391430577635759,-11.498121643438935,-27.36157486848533,-15.863453225046396,10000,8000,-10.032370851561428,-13.53442266844213,-3.5020518168807016
5,0,0,"[[1.0, 0.75], [0.0, 1.0]]","[[1.0, 0.0], [0.0, 1.0]]",False,500,0.4402000281959772,0.9641528725624084,0.5397589765489101,19.252621698379517,4.762470245361328,15.015413188934327,0.9640580415725708,0.5396994553506375,19.25264630317688,4.762008190155029,15.01604151725769,0.6149709224700928,0.3502264542505145,40.87586317062378,6.53550910949707,20.39943108558655,-5.81069413870573,1.0,0.75,0.75,-476725.70784883574,-533920.1771635562,-57194.46931472048,-86.0981619104743,-80.8567272476852,5.2414346627891035,-8.384526407159864,-10.684216823801398,-2.2996904166415337,2000,2000,-8.04544975347817,-7.35370647162199,0.69174328185618
5,1,0,"[[1.0, 0.75], [0.0, 1.0]]","[[0.7071067690849304, -0.7071067690849304], [0.7071067690849304, 0.7071067690849304]]",False,500,0.5005307145416736,0.3570472002029419,0.21534787567798047,16.115494823455812,1.7533053159713745,11.891647052764892,0.3569307029247284,0.21527000395581125,16.11552357673645,1.7527363300323486,11.892274069786072,0.2951372563838959,0.18033441910520195,32.727292442321776,2.9621963500976562,16.157327222824097,-39.37780326288193,1.0,1.6717455387115479,1.4960448741912842,-648698.5944533721,-1157220.7497630268,-508522.1553096548,-66.68810987323522,-70.12369230240583,-3.4355824291706085,-18.092010236158966,-40.395345981791614,-22.303335745632648,5000,9000,-8.820567884109915,-13.605821422114968,-4.785253538005053
5,2,0,"[[1.0, 0.75], [0.0, 1.0]]","[[6.123234262925839e-17, -1.0], [1.0, 6.123234262925839e-17]]",False,500,0.47010158002376556,-0.26610082387924194,-0.09971336014568806,14.125178623199464,-1.065291404724121,9.785272526741029,-0.26592713594436646,-0.09959291741251945,14.12521185874939,-1.064598560333252,9.785899376869201,-0.22803492844104767,-0.08605630733072758,27.818235015869142,-1.8109264373779297,13.29593596458435,-219.97797852456569,0.0,2.462214469909668,2.075183868408203,-591797.5288985297,-3055170.3919066116,-2463372.863008082,-58.75704097822309,-69.20430662184954,-10.447265643626451,-11.19063962250948,-117.81094745658338,-106.6203078340739,5000,,-10.424850622564554,-69.20430662184954,-58.779455999284984
5,3,0,"[[1.0, 0.75], [0.0, 1.0]]","[[-1.0, -1.2246468525851679e-16], [1.2246468525851679e-16, -1.0]]",False,500,0.49160854518413544,-0.9255161285400391,-0.6737225361168384,14.00438551902771,-4.260871887207031,9.265626549720764,-0.9253339767456055,-0.6735643627122044,14.0044189453125,-4.260044097900391,9.266250133514404,-0.6671812534332275,-0.49906812943518164,28.45214672088623,-6.36199951171875,12.59783914089203,-334.61162873506544,0.0,2.9261748790740967,2.4098525047302246,-504300.0028401613,-5392228.807616234,-4887928.8047760725,-63.70247673392296,-116.6192520827055,-52.916775348782544,-9.029838279634713,-330.05664819180964,-321.02680991217494,2000,,-9.029838279634713,-85.0686123341322,-76.03877405449748
5,4,0,"[[1.0, 0.75], [0.0, 1.0]]","[[1.5, 0.0], [0.0, 0.6000000238418579]]",False,500,0.5105294704437255,0.9258136749267578,0.567721190303564,20.21366152763367,5.7786712646484375,15.74190845489502,0.9257979393005371,0.5677307538688183,20.213685083389283,5.7785797119140625,15.742531013488769,0.6037840247154236,0.37551562283188106,43.55943803787231,8.220532417297363,21.402790212631224,-18.315037696436047,0.0,0.9861541390419006,0.9640873670578003,-324698.3183708275,-302791.35959148407,21906.958779343404,-42.662469159066674,-44.121975967288016,-1.4595068082213416,-8.808139611314981,-5.341706212982535,3.4664333983324465,1000,1000,-8.808139611314981,-5.341706212982535,3.4664333983324465
5,5,0,"[[1.0, 0.75], [0.0, 1.0]]","[[1.0, 0.75], [0.0, 1.0]]",True,500,0.4633266270160675,0.962466299533844,0.7491548888385295,19.359398651123048,6.214567184448242,15.015105772018433,0.9623156785964966,0.7490095406770706,19.359423303604125,6.213602066040039,15.015738344192505,0.6527615189552307,0.5191429764032364,41.57689142227173,9.169660568237305,20.39592328071594,-4.16380948703736,1.0,0.0,0.0,-616509.7299231216,-444712.86505013704,171796.8648729846,-79.61665754020214,-70.35092231929302,9.265735220909121,-17.372056879103184,-6.386441323906183,10.985615555197,7000,4000,-8.239772694557905,-6.386441323906183,1.8533313706517216
5,6,0,"[[1.0, 0.75], [0.0, 1.0]]","[[-1.0, 0.0], [0.0, 1.0]]",False,500,0.5256442472338676,-0.9359194040298462,-0.6241546384990215,13.756692600250243,-4.888096332550049,8.840990471839905,-0.9358184933662415,-0.6240568667650223,13.756726789474488,-4.887581825256348,8.841624331474303,-0.6757364869117737,-0.464474705606699,26.809404850006104,-6.905765533447266,12.008950519561768,-332.7407561570406,0.0,2.136000871658325,2.136000871658325,-326747.136262618,-5129250.319486856,-4802503.183224238,-51.79871624410153,-84.62449550330639,-32.825779259204865,-8.869741969183087,-326.15836659967897,-317.28862463049586,3000,,-8.869741969183087,-71.84081943929195,-62.97107747010886
5,7,0,"[[1.0, 0.75], [0.0, 1.0]]","[[0.9192387461662292, -0.4949747323989868], [0.9192387461662292, 0.4949747323989868]]",False,500,0.42460711374878884,0.38890311121940613,0.22813430540263652,16.754152011871337,1.562577486038208,12.602599358558654,0.3891648054122925,0.22826712867245078,16.754180479049683,1.5636317729949951,12.603225994110108,0.16443614661693573,0.1030245881062001,34.31279592514038,1.369118571281433,17.123896503448485,-30.906466647610067,1.0,1.6298879384994507,1.3884881734848022,-991122.533182241,-1493155.750183016,-502033.21700077504,-70.1751860409975,-72.096845279634,-1.9216592386364937,-11.498121643438935,-39.065890377014874,-27.56776873357594,10000,10000,-10.032370851561428,-13.916635715216398,-3.8842648636549697
6,0,0,"[[-1.0, 0.0], [0.0, 1.0]]","[[1.0, 0.0], [0.0, 1.0]]",False,500,0.4402000281959772,-0.8200417757034302,-0.46705355532467363,19.871993017196655,-4.173222541809082,16.20677795410156,-0.8201614618301392,-0.467127563804388,19.872032594680785,-4.173840045928955,16.207832860946656,-0.45061349868774414,-0.25993550131097437,50.53599586486816,-5.947246551513672,22.00663185119629,-281.46446248590945,0.0,2.0,2.0,-476725.70784883574,-5283230.576962233,-4806504.869113397,-86.0981619104743,-187.51079904437066,-101.41263713389635,-8.384526407159864,-280.4707927107811,-272.08626630362124,2000,,-8.04544975347817,-134.3971553504467,-126.35170559696853
6,1,0,"[[-1.0, 0.0], [0.0, 1.0]]","[[0.7071067690849304, -0.7071067690849304], [0.7071067690849304, 0.7071067690849304]]",False,500,0.5005307145416736,-0.8759517669677734,-0.4689105562865734,17.131737613677977,-4.5724897384643555,13.487896203994751,-0.8760876655578613,-0.4689966835081577,17.13178324699402,-4.573211669921875,13.488950490951538,-0.4154399633407593,-0.22495755180716515,41.88322191238403,-5.361807823181152,18.315654754638672,-300.98630847930906,0.0,2.0,2.0,-648698.5944533721,-5671733.197870851,-5023034.6034174785,-66.68810987323522,-153.4264184176922,-86.73830854445697,-18.092010236158966,-295.5475563675165,-277.45554613135755,5000,,-8.820567884109915,-113.11552520692348,-104.29495732281356
6,2,0,"[[-1.0, 0.0], [0.0, 1.0]]","[[6.123234262925839e-17, -1.0], [1.0, 6.123234262925839e-17]]",False,500,0.47010158002376556,-0.3420763611793518,-0.20542031824588775,15.372194242477416,-1.4915481805801392,11.433267831802368,-0.34186843037605286,-0.20527983494102955,15.372245407104492,-1.4906466007232666,11.434322118759155,-0.2307877391576767,-0.14081896618008613,35.56462545394898,-2.3640666007995605,15.527314281463623,-329.0228700041771,0.0,2.0,2.0,-591797.5288985297,-5550170.10461241,-4958372.57571388,-58.75704097822309,-122.32301614880562,-63.56597517058253,-11.19063962250948,-328.0897439867258,-316.8991043642163,5000,,-10.424850622564554,-94.7851585805416,-84.36030795797706
6,3,0,"[[-1.0, 0.0], [0.0, 1.0]]","[[-1.0, -1.2246468525851679e-16], [1.2246468525851679e-16, -1.0]]",False,500,0.49160854518413544,0.8908208608627319,0.5356699617579579,15.234157371520997,4.468003749847412,10.77917582988739,0.8910301923751831,0.5358511827886104,15.234208726882935,4.469069957733154,10.780225944519042,0.4805927574634552,0.2650842608883977,33.48409814834595,5.395967960357666,14.656250619888306,-139.23967453669758,0.2,2.0,2.0,-504300.0028401613,-3396815.889020264,-2892515.886180103,-63.70247673392296,-90.5993481874466,-26.896871453523637,-9.029838279634713,-193.15057402551173,-184.12073574587703,2000,,-9.029838279634713,-85.0686123341322,-76.03877405449748
6,4,0,"[[-1.0, 0.0], [0.0, 1.0]]","[[1.5, 0.0], [0.0, 0.6000000238418579]]",False,500,0.5105294704437255,-0.9515770077705383,-0.5878459148458205,20.877028369903563,-6.131620407104492,17.090538120269777,-0.9515921473503113,-0.5878294383175671,20.877066087722778,-6.1317291259765625,17.09158787727356,-0.45670461654663086,-0.27898331321775915,53.99624118804932,-7.731034755706787,23.235204792022706,-288.0806510448456,0.0,2.5317976474761963,2.5,-324698.3183708275,-5427142.991802096,-5102444.673431269,-42.662469159066674,-188.53659415841102,-145.87412499934436,-8.808139611314981,-286.63519571125505,-277.8270560999401,1000,,-8.808139611314981,-136.26942817866802,-127.46128856735304
6,5,0,"[[-1.0, 0.0], [0.0, 1.0]]","[[1.0, 0.75], [0.0, 1.0]]",False,500,0.4633266270160675,-0.7366989850997925,-0.5913594193756581,20.175560331344606,-4.953215599060059,16.49161591529846,-0.7368840575218201,-0.5915359012782574,20.175600051879883,-4.954470157623291,16.492677211761475,-0.34601670503616333,-0.2821358943358064,51.753611373901364,-6.076683521270752,22.393117809295653,-282.0254427701235,0.0,2.136000871658325,2.136000871658325,-616509.7299231216,-5246496.243543923,-4629986.513620801,-79.61665754020214,-182.634393286705,-103.01773574650286,-17.372056879103184,-280.2690333664417,-262.8969764873385,7000,,-8.239772694557905,-132.5304774850607,-124.29070479050279
6,6,0,"[[-1.0, 0.0], [0.0, 1.0]]","[[-1.0, 0.0], [0.0, 1.0]]",True,500,0.5256442472338676,0.9637025594711304,0.699117099121213,15.16135778427124,5.547477722167969,10.591133832931519,0.9638146758079529,0.6992282046936452,15.161409378051758,5.548142433166504,10.59219651222229,0.5453172326087952,0.38698902940377594,34.58610677719116,7.222723484039307,14.381655025482178,-4.6464758576825265,1.0,0.0,0.0,-326747.136262618,-258806.02485230193,67941.11141031608,-51.79871624410153,-41.74253772310912,10.056178520992404,-8.869741969183087,-5.840642929635942,3.0290990395471447,3000,1000,-8.869741969183087,-5.840642929635942,3.0290990395471447
6,7,0,"[[-1.0, 0.0], [0.0, 1.0]]","[[0.9192387461662292, -0.4949747323989868], [0.9192387461662292, 0.4949747323989868]]",False,500,0.42460711374878884,-0.8455697298049927,-0.44732501842081546,17.53317012786865,-3.553844451904297,13.891213846206664,-0.8452416658401489,-0.44715467765927314,17.53321509361267,-3.5524754524230957,13.892267799377441,-0.5292069315910339,-0.2690153127536178,42.763855648040774,-5.530319690704346,18.863928508758544,-331.0938061594963,0.0,2.2424380779266357,2.2305543422698975,-991122.533182241,-6085721.54288888,-5094599.009706639,-70.1751860409975,-181.41308875083922,-111.23790270984172,-11.498121643438935,-329.30007955133914,-317.8019579079002,10000,,-10.032370851561428,-125.49426358640194,-115.46189273484052
7,0,0,"[[0.9192387461662292, -0.4949747323989868], [0.9192387461662292, 0.4949747323989868]]","[[1.0, 0.0], [0.0, 1.0]]",False,500,0.4402000281959772,0.3368223309516907,0.22669964851811528,20.099669790267946,1.7352079153060913,17.257257986068726,0.33678656816482544,0.2266763628460467,20.099702739715575,1.7350265979766846,17.2581346988678,0.2422674149274826,0.1631947711110115,43.04549865722656,2.7086853981018066,23.455364513397218,-25.59495879858732,0.0,1.162571668624878,1.0653667449951172,-476725.70784883574,-1176220.0884802267,-699494.380631391,-86.0981619104743,-85.07533855363727,1.022823356837037,-8.384526407159864,-26.430959394946694,-18.04643298778683,2000,,-8.04544975347817,-26.430959394946694,-18.385509641468524
7,1,0,"[[0.9192387461662292, -0.4949747323989868], [0.9192387461662292, 0.4949747323989868]]","[[0.7071067690849304, -0.7071067690849304], [0.7071067690849304, 0.7071067690849304]]",False,500,0.5005307145416736,0.9856512546539307,0.5329334620386362,17.22064323425293,5.1688337326049805,14.19010066986084,0.9854851961135864,0.5328240972012281,17.220680904388427,5.167974472045898,14.19097728729248,0.6895641088485718,0.368406005948782,36.16395492553711,7.637004852294922,19.286026620864867,-3.354190275259316,1.0,0.42426401376724243,0.30000001192092896,-648698.5944533721,-460564.83328454196,188133.7611688301,-66.68810987323522,-57.720528026670216,8.967581846565004,-18.092010236158966,-6.703570106253028,11.388440129905938,5000,1000,-8.820567884109915,-6.703570106253028,2.116997777856887
7,2,0,"[[0.9192387461662292, -0.4949747323989868], [0.9192387461662292, 0.4949747323989868]]","[[6.123234262925839e-17, -1.0], [1.0, 6.123234262925839e-17]]",False,500,0.47010158002376556,0.8345373272895813,0.5410837393254042,15.326980113983154,3.6246490478515625,11.907591152191163,0.8346907496452332,0.5411877416074276,15.327023124694824,3.625326156616211,11.908467268943786,0.49974629282951355,0.3280119362287223,31.26306390762329,4.445688724517822,16.185014057159425,-24.309488093853,0.0,1.162571668624878,1.0653667449951172,-591797.5288985297,-765603.6766720936,-173806.14777356386,-58.75704097822309,-51.88879130780697,6.86824967041612,-11.19063962250948,-23.066059300303458,-11.875419677793978,5000,6000,-10.424850622564554,-11.925655390694738,-1.500804768130184
7,3,0,"[[0.9192387461662292, -0.4949747323989868], [0.9192387461662292, 0.4949747323989868]]","[[-1.0, -1.2246468525851679e-16], [1.2246468525851679e-16, -1.0]]",False,500,0.49160854518413544,-0.587786078453064,-0.4691788589116186,14.831212615966797,-2.868842124938965,10.812875580787658,-0.5875720381736755,-0.4689799230545759,14.831256103515624,-2.8678059577941895,10.813736844062806,-0.4476005733013153,-0.368288343353197,29.89732971191406,-4.4601311683654785,14.704452323913575,-334.2169801533222,0.0,2.647343397140503,2.147758960723877,-504300.0028401613,-3718752.5350794196,-3214452.5322392583,-63.70247673392296,-135.66762460768223,-71.96514787375926,-9.029838279634713,-198.58793746829033,-189.55809918865563,2000,,-9.029838279634713,-85.0686123341322,-76.03877405449748
7,4,0,"[[0.9192387461662292, -0.4949747323989868], [0.9192387461662292, 0.4949747323989868]]","[[1.5, 0.0], [0.0, 0.6000000238418579]]",False,500,0.5105294704437255,0.5329611897468567,0.35092673525214196,20.830627822875975,3.4271864891052246,17.825638246536254,0.5329113006591797,0.35090739130973814,20.830658864974975,3.4268710613250732,17.826498985290527,0.34722867608070374,0.21884104097262025,44.48320951461792,4.8233561515808105,24.238922214508058,-21.764312579482795,0.0,1.1992971897125244,1.104577898979187,-324698.3183708275,-709423.7112062052,-384725.3928353777,-42.662469159066674,-48.89874574393034,-6.236276584863667,-8.808139611314981,-13.387523314729332,-4.579383703414351,1000,1000,-8.808139611314981,-13.387523314729332,-4.579383703414351
7,5,0,"[[0.9192387461662292, -0.4949747323989868], [0.9192387461662292, 0.4949747323989868]]","[[1.0, 0.75], [0.0, 1.0]]",False,500,0.4633266270160675,0.08785630762577057,0.09633203307166696,20.255524921417237,0.5931587219238281,17.429010343551635,0.08771590143442154,0.09619990596547723,20.25555772781372,0.5922118425369263,17.429890298843382,0.1248030811548233,0.12217923421412706,43.47707014083862,1.8290575742721558,23.686860847473145,-29.070892254263164,1.0,1.6298879384994507,1.3884881734848022,-616509.7299231216,-1221807.225498557,-605297.4955754355,-79.61665754020214,-94.46993517279626,-14.853277632594114,-17.372056879103184,-27.788890016824006,-10.416833137720822,7000,,-8.239772694557905,-27.788890016824006,-19.5491173222661
7,6,0,"[[0.9192387461662292, -0.4949747323989868], [0.9192387461662292, 0.4949747323989868]]","[[-1.0, 0.0], [0.0, 1.0]]",False,500,0.5256442472338676,-0.5452294945716858,-0.3859895087778568,14.928508710861205,-3.090177536010742,10.791859984397888,-0.5451282262802124,-0.38589408360421656,14.928552436828614,-3.089613437652588,10.792740726470948,-0.40975067019462585,-0.29474337976425885,29.131528854370117,-4.542313575744629,14.667063665390014,-334.66869819760325,0.0,2.2424380779266357,2.2305543422698975,-326747.136262618,-5455169.694706798,-5128422.55844418,-51.79871624410153,-93.02665554285049,-41.227939298748964,-8.869741969183087,-330.4217014938593,-321.5519595246762,3000,,-8.869741969183087,-71.84081943929195,-62.97107747010886
7,7,0,"[[0.9192387461662292, -0.4949747323989868], [0.9192387461662292, 0.4949747323989868]]","[[0.9192387461662292, -0.4949747323989868], [0.9192387461662292, 0.4949747323989868]]",True,500,0.42460711374878884,0.9659433960914612,0.5381342201493681,17.839830923080445,4.127821922302246,14.973113059997559,0.966194212436676,0.538250345364213,17.83986825942993,4.128902912139893,14.973989152908326,0.5075472593307495,0.2922624109312892,38.02813014984131,4.668898105621338,20.350141859054567,-4.060787504538894,1.0,0.0,0.0,-991122.533182241,-476053.27938608825,515069.25379615277,-70.1751860409975,-63.97029182612896,6.2048942148685455,-11.498121643438935,-6.2941749460995196,5.203946697339416,10000,4000,-10.032370851561428,-6.2941749460995196,3.7381959054619083
0,0,1,"[[1.0, 0.0], [0.0, 1.0]]","[[1.0, 0.0], [0.0, 1.0]]",True,500,0.564748752117157,0.9778708815574646,0.7299472354352474,12.587735843658447,4.773108959197998,6.341759538650512,0.9777681231498718,0.7298604346811771,12.587763261795043,4.772618770599365,6.342221069335937,0.7611570358276367,0.5804235039278864,22.354605388641357,6.634047508239746,8.62151792049408,-4.67666567210108,1.0,0.0,0.0,-438832.5289912522,-360293.53544972837,78538.99354152381,-61.62903300821781,-56.318659123405816,5.310373884811995,-11.5278660684824,-6.884436959773302,4.643429108709098,3000,2000,-8.78610766120255,-6.884436959773302,1.9016707014292482
0,1,1,"[[1.0, 0.0], [0.0, 1.0]]","[[0.7071067690849304, -0.7071067690849304], [0.7071067690849304, 0.7071067690849304]]",False,500,0.506924594193697,0.5987824201583862,0.4181346192955971,10.014355373382568,1.5386584997177124,4.942992627620697,0.5988369584083557,0.418154738843441,10.014388966560364,1.538804292678833,4.943442535400391,0.4345373213291168,0.30703585743904116,18.07986879348755,2.0492913722991943,6.727395105361938,-21.271458169817926,0.0,1.0823922157287598,0.7653668522834778,-573720.8872010931,-694726.1944552884,-121005.30725419521,-54.105133932456376,-76.57823095358908,-22.47309702113271,-10.48243083395064,-9.712737972661852,0.769692861288787,3000,4000,-8.878467274084688,-9.712737972661852,-0.8342706985771642
0,2,1,"[[1.0, 0.0], [0.0, 1.0]]","[[6.123234262925839e-17, -1.0], [1.0, 6.123234262925839e-17]]",False,500,0.447830955684185,-0.2714701294898987,-0.008254609163850546,11.250577902793884,-0.7411879301071167,5.632338833808899,-0.2712094485759735,-0.008104127459228038,11.25060977935791,-0.7404783368110657,5.632815909385681,-0.23997148871421814,-0.03141246009618044,20.606732082366943,-1.2095272541046143,7.660573601722717,-112.35076793730259,0.0,2.0,1.4142135381698608,-625176.9437806681,-1429598.3312530443,-804421.3874723762,-27.4618024174124,-65.09655741825699,-37.63475500084459,-10.40426008105278,-64.08540397882462,-53.68114389777183,1000,9000,-8.557406967878341,-30.663331768661738,-22.1059248007834
0,3,1,"[[1.0, 0.0], [0.0, 1.0]]","[[-1.0, -1.2246468525851679e-16], [1.2246468525851679e-16, -1.0]]",False,500,0.4658557206392288,-0.8031546473503113,-0.4934778641909361,18.746005916595458,-4.587283611297607,13.070010614395141,-0.8031663298606873,-0.49347210889682175,18.74602394104004,-4.58735466003418,13.070471096038819,-0.4336269199848175,-0.2568706973688677,42.53853874206543,-5.659964561462402,17.782779693603516,-327.7992792904377,0.0,2.8284270763397217,2.0,-546148.0095352046,-5785636.214824021,-5239488.205288816,-108.84572503864766,-168.88400614261627,-60.038281103968615,-12.223177668638527,-330.091082239151,-317.86790457051245,3000,,-9.306585986353458,-150.5492068618536,-141.24262087550014
0,4,1,"[[1.0, 0.0], [0.0, 1.0]]","[[1.5, 0.0], [0.0, 0.6000000238418579]]",False,500,0.645305747538805,0.9787179231643677,0.8170200899243355,10.544411611557006,5.220247268676758,5.531581449508667,0.9786813259124756,0.8170661419630051,10.544445610046386,5.220069408416748,5.532039678096771,0.6832203269004822,0.5762707963585854,19.79967541694641,6.925207138061523,7.527022171020508,-2.9464369597379116,1.0,0.6403123736381531,0.5,-325330.1621366292,-217440.46595143154,107889.69618519768,-31.489894549548627,-22.768227642029522,8.721666907519104,-7.578287696093321,-5.521577703766525,2.0567099923267964,1000,1000,-7.4160995783284305,-5.521577703766525,1.8945218745619057
0,5,1,"[[1.0, 0.0], [0.0, 1.0]]","[[1.0, 0.75], [0.0, 1.0]]",False,500,0.49745397120714185,0.7731704115867615,0.5124470109120012,17.29990859031677,4.589115142822266,10.235188722610474,0.7731051445007324,0.5123938689008355,17.29992847442627,4.588732719421387,10.235651230812072,0.54096919298172,0.36696881875395776,34.29059000015259,6.425630569458008,13.911515808105468,-4.643918029032648,1.0,0.75,0.75,-760921.911499463,-483119.8701169342,277802.04138252884,-49.056526362895966,-52.915372990816834,-3.858846627920869,-13.78332995288074,-6.859423020482064,6.923906932398676,6000,2000,-9.77776143886149,-6.859423020482064,2.9183384183794256
0,6,1,"[[1.0, 0.0], [0.0, 1.0]]","[[-1.0, 0.0], [0.0, 1.0]]",False,500,0.49366540238261225,-0.3805888295173645,-0.2230631537735462,17.921306705474855,-2.2549924850463867,11.001676177978515,-0.38060179352760315,-0.22306236643344163,17.921326446533204,-2.2550721168518066,11.002149105072021,-0.22556574642658234,-0.11404167609289288,36.29167013168335,-2.724565029144287,14.967013931274414,-283.1609446942806,0.0,2.0,2.0,-571580.7534655556,-5112390.921081603,-4540810.167616047,-101.92134621441365,-152.14086157381536,-50.21951535940171,-12.179113970324398,-279.62548127174375,-267.44636730141934,4000,,-12.119356999360026,-144.35874350368977,-132.23938650432973
0,7,1,"[[1.0, 0.0], [0.0, 1.0]]","[[0.9192387461662292, -0.4949747323989868], [0.9192387461662292, 0.4949747323989868]]",False,500,0.5666944965720176,0.7029905915260315,0.4244771589525044,10.881195306777954,2.458212375640869,5.67263765335083,0.7031375169754028,0.4246203125454485,10.881226968765258,2.458733558654785,5.673095631599426,0.5155436992645264,0.3020289690699428,20.03948097229004,3.3514294624328613,7.71416163444519,-22.86889413073659,0.0,1.162571668624878,1.0653667449951172,-383573.2097974047,-949583.3390964195,-566010.1292990148,-54.34565655142069,-79.90941836312413,-25.563761811703444,-8.74157724864781,-13.129665510728955,-4.388088262081146,3000,7000,-8.703072801977395,-13.129665510728955,-4.42659270875156
1,0,1,"[[0.7071067690849304, -0.7071067690849304], [0.7071067690849304, 0.7071067690849304]]","[[1.0, 0.0], [0.0, 1.0]]",False,500,0.564748752117157,0.3733479380607605,0.30114776380360125,15.669804811477661,2.2925708293914795,9.38750638961792,0.3732726275920868,0.3010791898705065,15.669834184646607,2.2921128273010254,9.388118410110474,0.305707722902298,0.24433083068579436,28.310418605804443,3.3997368812561035,12.765229439735412,-23.437804265320302,0.0,1.0823922157287598,0.7653668522834778,-438832.5289912522,-1064998.5793679953,-626166.0503767431,-61.62903300821781,-69.27217091321945,-7.643137905001645,-11.5278660684824,-39.027968627214435,-27.500102558732035,3000,,-8.78610766120255,-33.337308982014655,-24.551201320812105
1,1,1,"[[0.7071067690849304, -0.7071067690849304], [0.7071067690849304, 0.7071067690849304]]","[[0.7071067690849304, -0.7071067690849304], [0.7071067690849304, 0.7071067690849304]]",True,500,0.506924594193697,0.973875880241394,0.6044279059395194,12.501693773269654,3.192918300628662,7.421231317520141,0.9739195704460144,0.6044461103156209,12.501729393005371,3.193070888519287,7.421826100349426,0.7261149883270264,0.46162112317979337,22.305916213989256,4.264190196990967,10.100108551979066,-3.209817539062351,1.0,0.0,0.0,-573720.8872010931,-338764.5407287404,234956.34647235274,-54.105133932456376,-52.775667338445786,1.32946659401059,-10.48243083395064,-6.734779157117009,3.7476516768336303,3000,2000,-8.878467274084688,-6.734779157117009,2.143688116967679
1,2,1,"[[0.7071067690849304, -0.7071067690849304], [0.7071067690849304, 0.7071067690849304]]","[[6.123234262925839e-17, -1.0], [1.0, 6.123234262925839e-17]]",False,500,0.447830955684185,0.4728779196739197,0.28193572433228836,13.705975437164307,1.5858814716339111,8.10084433555603,0.4730883240699768,0.2820752008658019,13.706009483337402,1.586591124534607,8.101463460922242,0.28882601857185364,0.17757437098771334,24.41953115463257,1.7272570133209229,11.008060717582703,-23.12976315096021,0.0,1.0823922157287598,0.7653668522834778,-625176.9437806681,-785173.9254876971,-159996.98170702904,-27.4618024174124,-51.865831159800294,-24.404028742387894,-10.40426008105278,-19.123393811658026,-8.719133730605247,1000,5000,-8.557406967878341,-19.123393811658026,-10.565986843779685
1,3,1,"[[0.7071067690849304, -0.7071067690849304], [0.7071067690849304, 0.7071067690849304]]","[[-1.0, -1.2246468525851679e-16], [1.2246468525851679e-16, -1.0]]",False,500,0.4658557206392288,-0.9748417735099792,-0.6151986736804247,23.162738800048828,-6.8878493309021,19.75981750488281,-0.9748775362968445,-0.6152201630175114,23.16275796890259,-6.888107776641846,19.760422134399413,-0.6124757528305054,-0.4000976111739874,49.87398071289063,-9.36401081085205,26.87326536178589,-334.68447865843774,0.0,2.613126039505005,1.8477591276168823,-546148.0095352046,-5904235.781730711,-5358087.772195507,-108.84572503864766,-169.49727620482446,-60.6515511661768,-12.223177668638527,-330.6406821012497,-318.41750443261117,3000,,-9.306585986353458,-150.5492068618536,-141.24262087550014
1,4,1,"[[0.7071067690849304, -0.7071067690849304], [0.7071067690849304, 0.7071067690849304]]","[[1.5, 0.0], [0.0, 0.6000000238418579]]",False,500,0.645305747538805,0.400657594203949,0.32504991106688974,13.069066631793977,2.6942219734191895,8.527889120578767,0.4006619155406952,0.3251972269266844,13.069105517864227,2.694258213043213,8.528491270542144,0.2955152094364166,0.22645356137072667,24.27490839958191,3.7053403854370117,11.601250076293946,-18.11226554363966,0.0,1.280683994293213,1.2358598709106445,-325330.1621366292,-617202.2439589724,-291872.08182234317,-31.489894549548627,-68.16122359260916,-36.67132904306054,-7.578287696093321,-18.725101551041007,-11.146813854947686,1000,3000,-7.4160995783284305,-11.770808624476194,-4.3547090461477636
1,5,1,"[[0.7071067690849304, -0.7071067690849304], [0.7071067690849304, 0.7071067690849304]]","[[1.0, 0.75], [0.0, 1.0]]",False,500,0.49745397120714185,-0.009160472080111504,-0.04261108161881566,22.279815673828125,-0.070188507437706,16.439474725723265,-0.009209285490214825,-0.04265251522883773,22.27983636856079,-0.07056258618831635,16.440087604522706,0.01940343715250492,-0.007061902020359412,44.646529579162596,0.300136923789978,22.351329135894776,-46.26542183496058,1.0,1.6717455387115479,1.4960448741912842,-760921.911499463,-1176802.2572202608,-415880.3457207978,-49.056526362895966,-93.02283391952514,-43.966307556629175,-13.78332995288074,-35.12179488241672,-21.33846492953598,6000,8000,-9.77776143886149,-16.46193266250193,-6.6841712236404405
1,6,1,"[[0.7071067690849304, -0.7071067690849304], [0.7071067690849304, 0.7071067690849304]]","[[-1.0, 0.0], [0.0, 1.0]]",False,500,0.49366540238261225,-0.9402597546577454,-0.5703833946958184,22.929036331176757,-7.157543182373047,17.34227533340454,-0.9402883052825928,-0.5704008651897311,22.929055976867676,-7.157767295837402,17.342889738082885,-0.6081621050834656,-0.3707567311823368,46.599397850036624,-9.44790267944336,23.579321479797365,-334.7693540930748,0.0,2.0,2.0,-571580.7534655556,-5920097.298826277,-5348516.545360722,-101.92134621441365,-165.98020169436933,-64.05885547995568,-12.179113970324398,-331.84841443300246,-319.66930046267805,4000,,-12.119356999360026,-144.35874350368977,-132.23938650432973
1,7,1,"[[0.7071067690849304, -0.7071067690849304], [0.7071067690849304, 0.7071067690849304]]","[[0.9192387461662292, -0.4949747323989868], [0.9192387461662292, 0.4949747323989868]]",False,500,0.5666944965720176,0.9894655346870422,0.5766797796823084,13.418407726287843,4.312016487121582,8.422080159187317,0.9895437955856323,0.576779849641025,13.4184419631958,4.312368392944336,8.422686910629272,0.6908107399940491,0.3892040017992258,24.51982774734497,5.516572952270508,11.457283449172973,-15.717240789160133,0.0,0.42426401376724243,0.30000001192092896,-383573.2097974047,-498308.0691711977,-114734.859373793,-54.34565655142069,-60.31309314109385,-5.967436589673163,-8.74157724864781,-6.61700828410685,2.124568964540959,3000,3000,-8.703072801977395,-6.61700828410685,2.086064517870545
2,0,1,"[[6.123234262925839e-17, -1.0], [1.0, 6.123234262925839e-17]]","[[1.0, 0.0], [0.0, 1.0]]",False,500,0.564748752117157,-0.287377268075943,-0.17991579584777356,14.026524925231934,-1.5696967840194702,7.464491128921509,-0.287484347820282,-0.1800102305598557,14.026565074920654,-1.5702863931655884,7.465246677398682,-0.17164404690265656,-0.11578655391931533,26.179756832122802,-1.7634683847427368,10.157741975784301,-116.3098392099142,0.0,2.0,1.4142135381698608,-438832.5289912522,-1714482.0134587586,-1275649.4844675064,-61.62903300821781,-81.70387438386679,-20.07484137564898,-11.5278660684824,-67.01574862599372,-55.48788255751133,3000,,-8.78610766120255,-67.01574862599372,-58.22964096479117
2,1,1,"[[6.123234262925839e-17, -1.0], [1.0, 6.123234262925839e-17]]","[[0.7071067690849304, -0.7071067690849304], [0.7071067690849304, 0.7071067690849304]]",False,500,0.506924594193697,0.710088849067688,0.4295077105984092,10.884952974319457,1.987856388092041,5.704839158058166,0.7101505994796753,0.4295300358440727,10.885003519058227,1.9880390167236328,5.705578279495239,0.49997973442077637,0.32493355359183623,20.164286136627197,2.6340298652648926,7.76495680809021,-22.50048459842801,0.0,1.0823922157287598,0.7653668522834778,-573720.8872010931,-644102.0513247699,-70381.16412367672,-54.105133932456376,-21.25521069057286,32.849923241883516,-10.48243083395064,-23.15685105100274,-12.6744202170521,3000,1000,-8.878467274084688,-11.508237356320024,-2.6297700822353356
2,2,1,"[[6.123234262925839e-17, -1.0], [1.0, 6.123234262925839e-17]]","[[6.123234262925839e-17, -1.0], [1.0, 6.123234262925839e-17]]",True,500,0.447830955684185,0.9722000956535339,0.43911867775022984,11.236777520179748,2.649914503097534,5.776266169548035,0.9725142121315002,0.4393101803958416,11.23682918548584,2.650783061981201,5.777037572860718,0.6406323313713074,0.28218230316415427,20.626824474334718,3.2310678958892822,7.845363759994507,-4.631612888164819,1.0,0.0,0.0,-625176.9437806681,-255178.86749710888,369998.0762835592,-27.4618024174124,-21.815053837001322,5.646748580411078,-10.40426008105278,-8.203336114436388,2.200923966616392,1000,1000,-8.557406967878341,-7.277349151298404,1.2800578165799372
2,3,1,"[[6.123234262925839e-17, -1.0], [1.0, 6.123234262925839e-17]]","[[-1.0, -1.2246468525851679e-16], [1.2246468525851679e-16, -1.0]]",False,500,0.4658557206392288,-0.5839974284172058,-0.3902991093695164,18.925376987457277,-3.369205951690674,13.689896392822266,-0.584025502204895,-0.3903056919574738,18.925406169891357,-3.369372844696045,13.69064793586731,-0.3673943281173706,-0.2695121281780303,44.225081825256346,-4.9878458976745605,18.61382212638855,-102.00109962821007,0.0,2.0,1.4142135381698608,-546148.0095352046,-2303130.5856395513,-1756982.5761043467,-108.84572503864766,-141.30200820863246,-32.4562831699848,-12.223177668638527,-49.93301162421703,-37.7098339555785,3000,,-9.306585986353458,-49.93301162421703,-40.626425637863576
2,4,1,"[[6.123234262925839e-17, -1.0], [1.0, 6.123234262925839e-17]]","[[1.5, 0.0], [0.0, 0.6000000238418579]]",False,500,0.645305747538805,-0.30220526456832886,-0.2733801777474582,11.582135987281799,-1.7956535816192627,6.360904824733734,-0.30222541093826294,-0.2732720878906548,11.582187581062318,-1.7957810163497925,6.361654102802277,-0.17735140025615692,-0.17509138226741924,22.699908924102782,-2.0806732177734375,8.651264703273773,-82.79041611254215,0.0,2.1470911502838135,1.899999976158142,-325330.1621366292,-1247867.3547077924,-922537.1925711632,-31.489894549548627,-72.05310967639089,-40.563215126842266,-7.578287696093321,-25.082595782727005,-17.504308086633685,1000,20000,-7.4160995783284305,-25.082595782727005,-17.666496204398573
2,5,1,"[[6.123234262925839e-17, -1.0], [1.0, 6.123234262925839e-17]]","[[1.0, 0.75], [0.0, 1.0]]",False,500,0.49745397120714185,-0.643144428730011,-0.4721658369526267,18.85788459777832,-4.163047790527344,12.218296432495118,-0.6432153582572937,-0.4722254123538733,18.857914400100707,-4.163514137268066,12.219053602218628,-0.3759230673313141,-0.281779242772609,39.910127544403075,-5.2066850662231445,16.6248619556427,-173.3532898068428,0.0,2.462214469909668,2.075183868408203,-760921.911499463,-3271922.020261362,-2511000.108761899,-49.056526362895966,-125.40651289224624,-76.34998652935028,-13.78332995288074,-151.98258034363388,-138.19925039075315,6000,,-9.77776143886149,-105.03678403794765,-95.25902259908617
2,6,1,"[[6.123234262925839e-17, -1.0], [1.0, 6.123234262925839e-17]]","[[-1.0, 0.0], [0.0, 1.0]]",False,500,0.49366540238261225,-0.8859620690345764,-0.5266090847551823,19.37101230621338,-5.679941177368164,12.810459756851197,-0.8859856724739075,-0.5266169533133507,19.371041584014893,-5.6801018714904785,12.811225843429565,-0.5760121941566467,-0.36577165462076666,41.264316368103025,-7.927271366119385,17.39758825302124,-327.51383098065855,0.0,2.0,2.0,-571580.7534655556,-5644334.642505646,-5072753.88904009,-101.92134621441365,-153.67447680830955,-51.753130593895904,-12.179113970324398,-327.2024209827185,-315.02330701239407,4000,,-12.119356999360026,-144.35874350368977,-132.23938650432973
2,7,1,"[[6.123234262925839e-17, -1.0], [1.0, 6.123234262925839e-17]]","[[0.9192387461662292, -0.4949747323989868], [0.9192387461662292, 0.4949747323989868]]",False,500,0.5666944965720176,0.6349969506263733,0.3634010227397084,11.523497390747071,2.348385810852051,6.466945648193359,0.6351485848426819,0.3635541142895818,11.523546409606933,2.348956823348999,6.467696213722229,0.38695818185806274,0.211142039578408,21.78680639266968,2.7327373027801514,8.800708270072937,-22.09644230082631,0.0,1.162571668624878,1.0653667449951172,-383573.2097974047,-501258.9723289013,-117685.76253149658,-54.34565655142069,-38.088414784893395,16.257241766527294,-8.74157724864781,-9.002761570364237,-0.2611843217164278,3000,5000,-8.703072801977395,-9.002761570364237,-0.2996887683868419
3,0,1,"[[-1.0, -1.2246468525851679e-16], [1.2246468525851679e-16, -1.0]]","[[1.0, 0.0], [0.0, 1.0]]",False,500,0.564748752117157,-0.9457748532295227,-0.705926512554288,16.268566513061522,-5.983140468597412,10.359180665016174,-0.9459052085876465,-0.7060317702591419,16.268621349334715,-5.983985900878906,10.360378670692445,-0.6059621572494507,-0.45163511857390404,33.29828062057495,-7.9236955642700195,14.083048439025879,-323.9656916856766,0.0,2.8284270763397217,2.0,-438832.5289912522,-5220157.859891653,-4781325.330900401,-61.62903300821781,-71.462023319304,-9.832990311086185,-11.5278660684824,-328.12461001873015,-316.59674395024774,3000,,-8.78610766120255,-71.462023319304,-62.675915658101445
3,1,1,"[[-1.0, -1.2246468525851679e-16], [1.2246468525851679e-16, -1.0]]","[[0.7071067690849304, -0.7071067690849304], [0.7071067690849304, 0.7071067690849304]]",False,500,0.506924594193697,-0.6626793742179871,-0.44402631781995294,14.201188278198241,-2.4443788528442383,8.95300281047821,-0.6626114249229431,-0.4440141599625349,14.201250219345093,-2.444139242172241,8.95418565273285,-0.4404332637786865,-0.28750341255217793,29.29041814804077,-3.4056577682495117,12.186029815673828,-227.10000706017019,0.0,2.613126039505005,1.8477591276168823,-573720.8872010931,-3350416.533233598,-2776695.6460325047,-54.105133932456376,-33.827269627153875,20.2778643053025,-10.48243083395064,-154.87908891141416,-144.3966580774635,3000,1000,-8.878467274084688,-33.827269627153875,-24.948802353069187
3,2,1,"[[-1.0, -1.2246468525851679e-16], [1.2246468525851679e-16, -1.0]]","[[6.123234262925839e-17, -1.0], [1.0, 6.123234262925839e-17]]",False,500,0.447830955684185,0.15846788883209229,-0.03172611854970455,15.071417093276978,0.5821080803871155,9.597652125358582,0.15878696739673615,-0.03154860883951187,15.071478414535523,0.5832825899124146,9.59888265132904,0.05886438861489296,-0.06772713977843522,31.18091344833374,0.45104607939720154,13.054972076416016,-95.7975478798151,0.0,2.0,1.4142135381698608,-625176.9437806681,-1242656.7625436932,-617479.8187630251,-27.4618024174124,-57.8215205706656,-30.359718153253198,-10.40426008105278,-48.583550491184,-38.179290410131216,1000,9000,-8.557406967878341,-14.60829757358879,-6.050890605710448
3,3,1,"[[-1.0, -1.2246468525851679e-16], [1.2246468525851679e-16, -1.0]]","[[-1.0, -1.2246468525851679e-16], [1.2246468525851679e-16, -1.0]]",True,500,0.4658557206392288,0.8097784519195557,0.4953238976188004,24.036997318267822,5.934464454650879,21.30810489654541,0.8097802400588989,0.4953492350701708,24.03703393936157,5.934486389160156,21.309305953979493,0.4545552432537079,0.2954215728677809,64.62855739593506,9.027196884155273,28.992706394195558,-4.585841723810882,1.0,0.0,0.0,-546148.0095352046,-427327.65471627936,118820.35481892526,-108.84572503864766,-103.77332980632782,5.072395232319835,-12.223177668638527,-6.43736538272351,5.785812285915017,3000,2000,-9.306585986353458,-6.43736538272351,2.8692206036299472
3,4,1,"[[-1.0, -1.2246468525851679e-16], [1.2246468525851679e-16, -1.0]]","[[1.5, 0.0], [0.0, 0.6000000238418579]]",False,500,0.645305747538805,-0.9447861909866333,-0.7788782864809036,13.977321243286132,-6.752795696258545,9.332472538948059,-0.9448456764221191,-0.7787992686033249,13.977389001846314,-6.753252983093262,9.333670568466186,-0.6019597053527832,-0.510118194669485,30.613806867599486,-9.530040740966797,12.700596857070924,-320.2413409590721,0.0,2.9681644439697266,2.5,-325330.1621366292,-4876137.800273299,-4550807.63813667,-31.489894549548627,-50.54161013662815,-19.051715587079524,-7.578287696093321,-306.3957977950573,-298.817510098964,1000,,-7.4160995783284305,-50.54161013662815,-43.12551055829972
3,5,1,"[[-1.0, -1.2246468525851679e-16], [1.2246468525851679e-16, -1.0]]","[[1.0, 0.75], [0.0, 1.0]]",False,500,0.49745397120714185,-0.7217804789543152,-0.47301328293979167,21.727421951293945,-5.3802361488342285,16.027867221832274,-0.7218658328056335,-0.4730806072242558,21.72746343612671,-5.380882263183594,16.029066944122313,-0.40325024724006653,-0.2610508132725954,50.21130847930908,-7.035101890563965,21.7850380897522,-314.0131456553936,0.0,2.9261748790740967,2.4098525047302246,-760921.911499463,-5023332.579234242,-4262410.667734779,-49.056526362895966,-120.90631182193756,-71.8497854590416,-13.78332995288074,-312.04321145117285,-298.2598814982921,6000,,-9.77776143886149,-120.90631182193756,-111.12855038307607
3,6,1,"[[-1.0, -1.2246468525851679e-16], [1.2246468525851679e-16, -1.0]]","[[-1.0, 0.0], [0.0, 1.0]]",False,500,0.49366540238261225,0.44827449321746826,0.2631774879992008,21.943077278137206,3.254878520965576,16.507170343399046,0.44826987385749817,0.2631915619596839,21.943118476867674,3.2548513412475586,16.508394384384154,0.29144370555877686,0.17177225747145713,51.28976058959961,4.989844799041748,22.460065841674805,-141.16074568219483,0.2,2.0,2.0,-571580.7534655556,-2903586.971589923,-2332006.2181243673,-101.92134621441365,-101.7732594549656,0.1480867594480486,-12.179113970324398,-187.53664617836475,-175.35753220804034,4000,,-12.119356999360026,-68.31821693331003,-56.198859933950004
3,7,1,"[[-1.0, -1.2246468525851679e-16], [1.2246468525851679e-16, -1.0]]","[[0.9192387461662292, -0.4949747323989868], [0.9192387461662292, 0.4949747323989868]]",False,500,0.5666944965720176,-0.7388461828231812,-0.4402167689055204,15.307980251312255,-3.660682201385498,10.17277970314026,-0.738640546798706,-0.4400328377261758,15.30803861618042,-3.659677505493164,10.173972845077515,-0.4699315130710602,-0.2878631089814007,32.21527309417725,-4.944676399230957,13.834692811965942,-322.3069673240185,0.0,2.647343397140503,2.147758960723877,-383573.2097974047,-4958930.732002854,-4575357.52220545,-54.34565655142069,-47.42517314180732,6.920483409613368,-8.74157724864781,-317.1933124631643,-308.45173521451653,3000,1000,-8.703072801977395,-47.42517314180732,-38.72210033982992
4,0,1,"[[1.5, 0.0], [0.0, 0.6000000238418579]]","[[1.0, 0.0], [0.0, 1.0]]",False,500,0.564748752117157,0.9373172521591187,0.6963164508342743,12.432895469665528,4.547814846038818,6.193637132644653,0.9372170567512512,0.6962256729602814,12.432936334609986,4.547343730926514,6.194312834739685,0.7038448452949524,0.5351715847849846,22.776886796951295,6.298913955688477,8.419633769989014,-4.692920363880694,1.0,0.6403123736381531,0.5,-438832.5289912522,-327092.5533488393,111739.9756424129,-61.62903300821781,-57.19529927447438,4.433733733743431,-11.5278660684824,-7.159769436717033,4.368096631765367,3000,2000,-8.78610766120255,-7.159769436717033,1.626338224485517
4,1,1,"[[1.5, 0.0], [0.0, 0.6000000238418579]]","[[0.7071067690849304, -0.7071067690849304], [0.7071067690849304, 0.7071067690849304]]",False,500,0.506924594193697,0.616273820400238,0.4161558821797371,9.992444157600403,1.6064752340316772,4.899482274055481,0.6163316369056702,0.41618058569729327,9.992493653297425,1.6066341400146484,4.900139963626861,0.44068607687950134,0.2968886375427246,18.44576406478882,2.1434316635131836,6.668757319450378,-23.17611917704344,0.0,1.280683994293213,1.2358598709106445,-573720.8872010931,-648899.1072740406,-75178.22007294744,-54.105133932456376,-74.31259496062994,-20.20746102817356,-10.48243083395064,-16.222326100617646,-5.739895266667007,3000,4000,-8.878467274084688,-11.61128851696849,-2.7328212428838015
4,2,1,"[[1.5, 0.0], [0.0, 0.6000000238418579]]","[[6.123234262925839e-17, -1.0], [1.0, 6.123234262925839e-17]]",False,500,0.447830955684185,-0.271497905254364,-0.011385352315846831,11.359500741958618,-0.7529851794242859,5.641586756706237,-0.271232008934021,-0.011211151431780308,11.359546065330505,-0.7522507905960083,5.642269325256348,-0.234316885471344,-0.03222260884940624,21.14386315345764,-1.2164452075958252,7.674404168128968,-101.91506422758103,0.0,2.1470911502838135,1.899999976158142,-625176.9437806681,-1344565.5053803697,-719388.5615997016,-27.4618024174124,-65.31990067809821,-37.85809826068581,-10.40426008105278,-52.96783897280693,-42.56357889175415,1000,10000,-8.557406967878341,-24.69840179681778,-16.14099482893944
4,3,1,"[[1.5, 0.0], [0.0, 0.6000000238418579]]","[[-1.0, -1.2246468525851679e-16], [1.2246468525851679e-16, -1.0]]",False,500,0.4658557206392288,-0.8088986277580261,-0.4952209321781993,19.381250667572022,-4.780563831329346,13.885030746459961,-0.8089457154273987,-0.4952504497821792,19.381276321411132,-4.780848503112793,13.885697650909425,-0.42687711119651794,-0.25168481867294756,44.88148574829101,-5.881760597229004,18.89224281311035,-330.4037654042244,0.0,2.9681644439697266,2.5,-546148.0095352046,-5789293.908852339,-5243145.899317134,-108.84572503864766,-168.81972980797292,-59.97400476932526,-12.223177668638527,-329.81049604713917,-317.58731837850064,3000,,-9.306585986353458,-150.5492068618536,-141.24262087550014
4,4,1,"[[1.5, 0.0], [0.0, 0.6000000238418579]]","[[1.5, 0.0], [0.0, 0.6000000238418579]]",True,500,0.645305747538805,0.9491789937019348,0.7917685180902481,10.504167675971985,5.064965724945068,5.650918233394623,0.9491851925849915,0.7918913930654525,10.504218173027038,5.065022945404053,5.6515832304954525,0.6358951330184937,0.5329608833417296,20.431471252441405,6.680606842041016,7.690215766429901,-2.95898076989688,1.0,0.0,0.0,-325330.1621366292,-224546.60126361996,100783.56087300926,-31.489894549548627,-22.822197437286377,8.66769711226225,-7.578287696093321,-5.492977526783943,2.085310169309378,1000,1000,-7.4160995783284305,-5.492977526783943,1.9231220515444871
4,5,1,"[[1.5, 0.0], [0.0, 0.6000000238418579]]","[[1.0, 0.75], [0.0, 1.0]]",False,500,0.49745397120714185,0.6804036498069763,0.4433103950694203,17.8774112701416,4.18159294128418,10.739692974090577,0.6803395748138428,0.44325621146708727,17.8774395942688,4.181206226348877,10.740370416641236,0.4549296498298645,0.3043225906789303,37.104360580444336,5.861697196960449,14.596407890319824,-5.030986554455012,1.0,0.9861541390419006,0.9640873670578003,-760921.911499463,-413921.8924270943,347000.01907236874,-49.056526362895966,-55.37884194180369,-6.322315578907727,-13.78332995288074,-6.799920877441764,6.983409075438976,6000,2000,-9.77776143886149,-6.799920877441764,2.9778405614197254
4,6,1,"[[1.5, 0.0], [0.0, 0.6000000238418579]]","[[-1.0, 0.0], [0.0, 1.0]]",False,500,0.49366540238261225,-0.5024347305297852,-0.2997665930306539,18.46302490234375,-3.076383590698242,11.469285774230958,-0.5024741888046265,-0.29979171957820655,18.46305208206177,-3.076629638671875,11.469962739944458,-0.2896152138710022,-0.15805408712476493,39.053602027893064,-3.777827262878418,15.606073427200318,-292.0849709331989,0.0,2.5317976474761963,2.5,-571580.7534655556,-5211120.806501806,-4639540.05303625,-101.92134621441365,-154.3332728087902,-52.41192659437657,-12.179113970324398,-283.8193809390068,-271.6402669686824,4000,,-12.119356999360026,-144.35874350368977,-132.23938650432973
4,7,1,"[[1.5, 0.0], [0.0, 0.6000000238418579]]","[[0.9192387461662292, -0.4949747323989868], [0.9192387461662292, 0.4949747323989868]]",False,500,0.5666944965720176,0.6977440118789673,0.4159855172969401,10.867982983589172,2.45810866355896,5.603428339958191,0.6978400945663452,0.4161118748597801,10.868029618263245,2.4584579467773438,5.604098534584045,0.5073079466819763,0.2926026540226303,20.4492148399353,3.3877642154693604,7.620196461677551,-25.22934598252177,0.0,1.1992971897125244,1.104577898979187,-383573.2097974047,-884898.3309945092,-501325.12119710445,-54.34565655142069,-80.10045807138086,-25.754801519960168,-8.74157724864781,-11.059585043415428,-2.3180077947676185,3000,7000,-8.703072801977395,-11.059585043415428,-2.3565122414380326
5,0,1,"[[1.0, 0.75], [0.0, 1.0]]","[[1.0, 0.0], [0.0, 1.0]]",False,500,0.564748752117157,0.9726234078407288,0.7179679356515407,11.32751750946045,4.257781028747559,5.213738512992859,0.9725178480148315,0.71787617248483,11.327543687820434,4.257328987121582,5.21413391828537,0.8323641419410706,0.6248488541692495,18.567236280441286,5.963140964508057,7.090517830848694,-16.54750995822251,0.45,0.75,0.75,-438832.5289912522,-461587.1801065281,-22754.65111527592,-61.62903300821781,-45.418086926266554,16.210946081951256,-11.5278660684824,-8.406713711097836,3.121152357384563,3000,2000,-8.78610766120255,-8.406713711097836,0.37939395010471344
5,1,1,"[[1.0, 0.75], [0.0, 1.0]]","[[0.7071067690849304, -0.7071067690849304], [0.7071067690849304, 0.7071067690849304]]",False,500,0.506924594193697,0.3636244833469391,0.27380531206727027,9.052672243118286,0.835597038269043,4.147768032550812,0.36368170380592346,0.27382019283249975,9.052703833580017,0.8357317447662354,4.148152601718903,0.28106027841567993,0.21908835368521978,15.144510507583618,1.0969526767730713,5.645127749443054,-32.075641826540235,1.0,1.6717455387115479,1.4960448741912842,-573720.8872010931,-1030678.0368611217,-456957.1496600285,-54.105133932456376,-83.65200874879956,-29.546874816343184,-10.48243083395064,-35.343034495413306,-24.86060366146267,3000,6000,-8.878467274084688,-14.080687765404582,-5.202220491319894
5,2,1,"[[1.0, 0.75], [0.0, 1.0]]","[[6.123234262925839e-17, -1.0], [1.0, 6.123234262925839e-17]]",False,500,0.447830955684185,-0.5228539705276489,-0.13834307689685374,10.19302487373352,-1.2897844314575195,4.686637353897095,-0.5225861668586731,-0.13818920436315238,10.193054962158204,-1.2891278266906738,4.687047004699707,-0.4519062340259552,-0.1309908119030297,17.56090078353882,-1.932080626487732,6.373482370376587,-210.36077531576157,0.0,2.462214469909668,2.075183868408203,-625176.9437806681,-2142537.030471675,-1517360.086691007,-27.4618024174124,-70.82664055302739,-43.36483813561499,-10.40426008105278,-122.21671412363648,-111.8124540425837,1000,15000,-8.557406967878341,-44.77509140688926,-36.21768443901092
5,3,1,"[[1.0, 0.75], [0.0, 1.0]]","[[-1.0, -1.2246468525851679e-16], [1.2246468525851679e-16, -1.0]]",False,500,0.4658557206392288,-0.5032022595405579,-0.295721315103583,16.297649145126343,-2.498619556427002,10.027045249938965,-0.5032154321670532,-0.2957159211626276,16.29766697883606,-2.498687744140625,10.027439308166503,-0.29178386926651,-0.16545031759887935,33.436510944366454,-2.9898557662963867,13.642247295379638,-334.122792956233,0.0,2.9261748790740967,2.4098525047302246,-546148.0095352046,-5725709.261910617,-5179561.252375413,-108.84572503864766,-161.32459211647512,-52.47886707782746,-12.223177668638527,-330.7036092996597,-318.4804316310212,3000,,-9.306585986353458,-150.5492068618536,-141.24262087550014
5,4,1,"[[1.0, 0.75], [0.0, 1.0]]","[[1.5, 0.0], [0.0, 0.6000000238418579]]",False,500,0.645305747538805,0.9816595911979675,0.82642902135849,9.134129333496094,4.562496185302734,4.364230239391327,0.9816213846206665,0.8265424430370331,9.134164619445801,4.562335014343262,4.364622551202774,0.7856565117835999,0.6656389266252518,15.348834037780762,6.164581775665283,5.937806916236878,-21.013991539925335,0.15,0.9861541390419006,0.9640873670578003,-325330.1621366292,-227367.00862385333,97963.1535127759,-31.489894549548627,-20.048037070035935,11.441857479512691,-7.578287696093321,-6.995675592496991,0.5826121035963299,1000,1000,-7.4160995783284305,-6.59307528603822,0.8230242922902109
5,5,1,"[[1.0, 0.75], [0.0, 1.0]]","[[1.0, 0.75], [0.0, 1.0]]",True,500,0.49745397120714185,0.9651982188224792,0.6600286357104779,15.945913887023925,5.270170211791992,8.928925395011902,0.9651324152946472,0.6599735975265503,15.945932531356812,5.269817352294922,8.929322052001954,0.7760726809501648,0.5387250978499651,27.80919666290283,7.407411098480225,12.141752338409423,-4.169931529462337,1.0,0.0,0.0,-760921.911499463,-566252.1615101025,194669.74998936057,-49.056526362895966,-46.243206141144036,2.8133202217519298,-13.78332995288074,-6.763005781546235,7.020324171334504,6000,5000,-9.77776143886149,-6.763005781546235,3.014755657315254
5,6,1,"[[1.0, 0.75], [0.0, 1.0]]","[[-1.0, 0.0], [0.0, 1.0]]",False,500,0.49366540238261225,0.055545419454574585,0.031728159164777024,16.469475984573364,0.3021278381347656,9.439963030815125,0.055531516671180725,0.031728578422917056,16.46949396133423,0.3020525574684143,9.440368890762329,0.05293026193976402,0.03351254872977734,29.082350063323975,0.5077717304229736,12.832806730270386,-326.4360933125019,0.0,2.136000871658325,2.136000871658325,-571580.7534655556,-5576474.527455866,-5004893.773990311,-101.92134621441365,-142.08117186427117,-40.159825649857524,-12.179113970324398,-323.0943817794323,-310.9152678091079,4000,,-12.119356999360026,-142.08117186427117,-129.96181486491113
5,7,1,"[[1.0, 0.75], [0.0, 1.0]]","[[0.9192387461662292, -0.4949747323989868], [0.9192387461662292, 0.4949747323989868]]",False,500,0.5666944965720176,0.4725761413574219,0.29383810609579086,9.912463903427124,1.4941766262054443,4.854131269454956,0.4727257490158081,0.29397675916552546,9.912493419647216,1.4946544170379639,4.854523158073425,0.36067795753479004,0.21825668471865356,17.05583052635193,1.9759674072265625,6.601843667030335,-32.83373869247735,0.95,1.6298879384994507,1.3884881734848022,-383573.2097974047,-1181535.7415497303,-797962.5317523256,-54.34565655142069,-88.32036163061858,-33.97470507919789,-8.74157724864781,-41.85933416411281,-33.117756915465,3000,8000,-8.703072801977395,-15.447923098877073,-6.744850296899678
6,0,1,"[[-1.0, 0.0], [0.0, 1.0]]","[[1.0, 0.0], [0.0, 1.0]]",False,500,0.564748752117157,-0.5483064651489258,-0.3604626329615712,16.356861686706544,-3.497364044189453,9.88577468395233,-0.5484026670455933,-0.3605465367436409,16.35689821243286,-3.49798583984375,9.886578607559205,-0.36070096492767334,-0.22115211766213178,32.03582162857056,-4.537395000457764,13.439115619659423,-281.11140150129796,0.0,2.0,2.0,-438832.5289912522,-4606395.194314048,-4167562.6653227955,-61.62903300821781,-59.17675417475402,2.4522788334637866,-11.5278660684824,-280.35547472536564,-268.8276086568832,3000,,-8.78610766120255,-59.17675417475402,-50.390646513551474
6,1,1,"[[-1.0, 0.0], [0.0, 1.0]]","[[0.7071067690849304, -0.7071067690849304], [0.7071067690849304, 0.7071067690849304]]",False,500,0.506924594193697,-0.5518593788146973,-0.2818031083792448,12.820584297180176,-1.8332329988479614,7.544226717948914,-0.5518000721931458,-0.28177919071167706,12.820630168914795,-1.833042860031128,7.545014142990112,-0.38224583864212036,-0.1820111765526235,25.443471431732178,-2.561600685119629,10.267944312095642,-303.05009063780307,0.0,2.0,2.0,-573720.8872010931,-4923931.546849757,-4350210.659648664,-54.105133932456376,-34.43710324801505,19.668030684441327,-10.48243083395064,-303.73083842694757,-293.24840759299695,3000,1000,-8.878467274084688,-34.43710324801505,-25.55863597393036
6,2,1,"[[-1.0, 0.0], [0.0, 1.0]]","[[6.123234262925839e-17, -1.0], [1.0, 6.123234262925839e-17]]",False,500,0.447830955684185,0.4054744839668274,0.10009681084193289,13.186793184280395,1.3006162643432617,7.618610906600952,0.4057561457157135,0.10026714624837041,13.186839914321899,1.3015244007110596,7.61943244934082,0.2343660444021225,0.02219607075676322,26.117044162750243,1.5017857551574707,10.36297059059143,-328.6211242198944,0.0,2.0,2.0,-625176.9437806681,-4871021.735849418,-4245844.79206875,-27.4618024174124,-58.22819357141852,-30.766391154006122,-10.40426008105278,-324.1165931135416,-313.71233303248886,1000,,-8.557406967878341,-56.10648681856692,-47.54907985068858
6,3,1,"[[-1.0, 0.0], [0.0, 1.0]]","[[-1.0, -1.2246468525851679e-16], [1.2246468525851679e-16, -1.0]]",False,500,0.4658557206392288,0.6522858738899231,0.380326708778739,21.272632026672362,4.230212688446045,16.867490816116334,0.6522621512413025,0.38032347671687605,21.27265977859497,4.230064868927002,16.868290901184082,0.3979804813861847,0.25003475486300886,53.46787033081055,6.53628396987915,22.950529861450196,-137.5506685020402,0.2,2.0,2.0,-546148.0095352046,-2264678.9720077068,-1718530.9624725021,-108.84572503864766,-105.58773265182973,3.257992386817932,-12.223177668638527,-191.78475998640062,-179.5615823177621,3000,6000,-9.306585986353458,-13.971467351168394,-4.664881364814937
6,4,1,"[[-1.0, 0.0], [0.0, 1.0]]","[[1.5, 0.0], [0.0, 0.6000000238418579]]",False,500,0.645305747538805,-0.7062808275222778,-0.5016299310140312,13.677443861961365,-4.952259540557861,8.47623553276062,-0.7063018083572388,-0.5015561974141747,13.677489709854125,-4.952423095703125,8.477033567428588,-0.48085272312164307,-0.3430406865198165,28.27629337310791,-7.028011322021484,11.53434853553772,-287.76575977802275,0.0,2.5317976474761963,2.5,-325330.1621366292,-4703188.6881086975,-4377858.525972068,-31.489894549548627,-34.52248714156449,-3.032592592015863,-7.578287696093321,-286.7413437157869,-279.1630560196936,1000,1000,-7.4160995783284305,-34.52248714156449,-27.10638756323606
6,5,1,"[[-1.0, 0.0], [0.0, 1.0]]","[[1.0, 0.75], [0.0, 1.0]]",False,500,0.49745397120714185,-0.3216720223426819,-0.18162831380032002,21.813553524017333,-2.4095091819763184,15.850335025787354,-0.3217369318008423,-0.18168271174654366,21.81358108520508,-2.409998655319214,15.851140594482422,-0.17627191543579102,-0.09008182659745216,48.68934631347656,-2.980750560760498,21.543796157836915,-280.1412401229143,0.0,2.136000871658325,2.136000871658325,-760921.911499463,-4678204.201307893,-3917282.28980843,-49.056526362895966,-99.64734220206738,-50.59081583917141,-13.78332995288074,-279.20789663493633,-265.42456668205557,6000,,-9.77776143886149,-99.64734220206738,-89.86958076320589
6,6,1,"[[-1.0, 0.0], [0.0, 1.0]]","[[-1.0, 0.0], [0.0, 1.0]]",True,500,0.49366540238261225,0.8211064338684082,0.5314632486552,22.049740886688234,5.995273590087891,16.154771661758424,0.8210851550102234,0.5314574629068375,22.04976806640625,5.995125770568848,16.155587005615235,0.5248433351516724,0.3466028843075037,49.45605754852295,8.66003131866455,21.977647590637208,-4.619025552459061,1.0,0.0,0.0,-571580.7534655556,-536808.28765966,34772.46580589563,-101.92134621441365,-96.0360261708498,5.885320043563851,-12.179113970324398,-6.801149130612612,5.377964839711786,4000,2000,-12.119356999360026,-6.801149130612612,5.318207868747414
6,7,1,"[[-1.0, 0.0], [0.0, 1.0]]","[[0.9192387461662292, -0.4949747323989868], [0.9192387461662292, 0.4949747323989868]]",False,500,0.5666944965720176,-0.46788981556892395,-0.23545910343527793,13.409579944610595,-2.023240566253662,8.362584853172303,-0.4677443206310272,-0.23531363978981973,13.409624576568604,-2.022618293762207,8.36338393688202,-0.30562305450439453,-0.15887202490121127,27.292102432250978,-2.718559741973877,11.37231159210205,-331.3772152751684,0.0,2.2424380779266357,2.2305543422698975,-383573.2097974047,-5395378.216534853,-5011805.006737448,-54.34565655142069,-44.440980871766804,9.904675679653884,-8.74157724864781,-328.78603920042514,-320.04446195177735,3000,,-8.703072801977395,-44.440980871766804,-35.73790806978941
7,0,1,"[[0.9192387461662292, -0.4949747323989868], [0.9192387461662292, 0.4949747323989868]]","[[1.0, 0.0], [0.0, 1.0]]",False,500,0.564748752117157,0.2594982087612152,0.2197070922702551,13.819679403305054,1.4029209613800049,7.124064612388611,0.259429395198822,0.21963904108852148,13.819709253311157,1.4025521278381348,7.124614191055298,0.23449601233005524,0.19040725426748395,23.37613639831543,2.1447973251342773,9.688690352439881,-42.77032018899918,0.0,1.162571668624878,1.0653667449951172,-438832.5289912522,-986787.7001576126,-547955.1711663604,-61.62903300821781,-71.97543222606183,-10.346399217844017,-11.5278660684824,-27.668087887763978,-16.140221819281578,3000,,-8.78610766120255,-27.668087887763978,-18.881980226561428
7,1,1,"[[0.9192387461662292, -0.4949747323989868], [0.9192387461662292, 0.4949747323989868]]","[[0.7071067690849304, -0.7071067690849304], [0.7071067690849304, 0.7071067690849304]]",False,500,0.506924594193697,0.9766792058944702,0.615557573735714,10.591849756240844,2.687872886657715,5.429187798500061,0.9767237305641174,0.6155783857218922,10.591887474060059,2.6880054473876953,5.4297199010848995,0.7622921466827393,0.49466863460838795,18.035692501068116,3.596179485321045,7.389265513420105,-12.244162808917462,0.7,0.42426401376724243,0.30000001192092896,-573720.8872010931,-552104.4484352693,21616.43876582384,-54.105133932456376,-39.162591591849925,14.942542340606451,-10.48243083395064,-8.51482152827084,1.9676093056797992,3000,2000,-8.878467274084688,-7.3844194140285255,1.4940478600561624
7,2,1,"[[0.9192387461662292, -0.4949747323989868], [0.9192387461662292, 0.4949747323989868]]","[[6.123234262925839e-17, -1.0], [1.0, 6.123234262925839e-17]]",False,500,0.447830955684185,0.6333882808685303,0.3428638831246644,11.304422521591187,1.7455472946166992,5.662059760093689,0.6336047053337097,0.3430162763339467,11.304459118843079,1.7461496591567993,5.662610864639282,0.4359261691570282,0.23791440213099121,19.244669008255006,2.049490451812744,7.69269073009491,-36.516620830446485,0.0,1.162571668624878,1.0653667449951172,-625176.9437806681,-621696.4370485395,3480.5067321285605,-27.4618024174124,-48.49443329051137,-21.032630873098967,-10.40426008105278,-7.9261893283575775,2.478070752695202,1000,3000,-8.557406967878341,-7.9261893283575775,0.6312176395207638
7,3,1,"[[0.9192387461662292, -0.4949747323989868], [0.9192387461662292, 0.4949747323989868]]","[[-1.0, -1.2246468525851679e-16], [1.2246468525851679e-16, -1.0]]",False,500,0.4658557206392288,-0.959295392036438,-0.6084192164242268,19.365529251098632,-5.6659698486328125,13.904255914688111,-0.9593487977981567,-0.6084579817950726,19.365549659729005,-5.666291236877441,13.904794597625733,-0.6559016108512878,-0.4322903535154182,38.86228008270264,-7.809273719787598,18.90867500305176,-334.2745323598385,0.0,2.647343397140503,2.147758960723877,-546148.0095352046,-5854707.531431317,-5308559.521896113,-108.84572503864766,-168.11401240229605,-59.2682873636484,-12.223177668638527,-329.1188849717379,-316.89570730309936,3000,,-9.306585986353458,-150.5492068618536,-141.24262087550014
7,4,1,"[[0.9192387461662292, -0.4949747323989868], [0.9192387461662292, 0.4949747323989868]]","[[1.5, 0.0], [0.0, 0.6000000238418579]]",False,500,0.645305747538805,0.24866609275341034,0.1882222570478916,11.286166250705719,1.4493956565856934,6.206876754760742,0.2486906796693802,0.18840638352558017,11.28620719909668,1.4495435953140259,6.207414507865906,0.20484620332717896,0.14387457463890313,19.504203772544862,2.06477952003479,8.44349970817566,-36.505493198335174,0.0,1.1992971897125244,1.104577898979187,-325330.1621366292,-781385.0220367312,-456054.859900102,-31.489894549548627,-71.37981660477817,-39.88992205522955,-7.578287696093321,-7.933262524008751,-0.3549748279154299,1000,19000,-7.4160995783284305,-7.933262524008751,-0.5171629456803206
7,5,1,"[[0.9192387461662292, -0.4949747323989868], [0.9192387461662292, 0.4949747323989868]]","[[1.0, 0.75], [0.0, 1.0]]",False,500,0.49745397120714185,-0.07507146149873734,-0.0887021697126329,19.55159959793091,-0.5043778419494629,12.73960075378418,-0.07511773705482483,-0.08874358423054218,19.551620864868163,-0.5046892762184143,12.74015154838562,-0.02886834368109703,-0.04398125931620598,36.44109315872193,-0.36339378356933594,17.322368097305297,-80.90995268523693,0.0,1.6298879384994507,1.3884881734848022,-760921.911499463,-1402464.7500537336,-641542.8385542706,-49.056526362895966,-98.01888955533505,-48.962363192439085,-13.78332995288074,-32.71287821680308,-18.929548263922335,6000,,-9.77776143886149,-32.71287821680308,-22.935116777941587
7,6,1,"[[0.9192387461662292, -0.4949747323989868], [0.9192387461662292, 0.4949747323989868]]","[[-1.0, 0.0], [0.0, 1.0]]",False,500,0.49366540238261225,-0.951997697353363,-0.5749831167981029,20.17195329666138,-6.370969772338867,13.402626323699952,-0.9520368576049805,-0.5750112317502498,20.171973133087157,-6.371237754821777,13.403172302246094,-0.6723778247833252,-0.4092532358103199,37.94142723083496,-8.486770629882812,18.220777606964113,-334.66776674389837,0.0,2.2424380779266357,2.2305543422698975,-571580.7534655556,-5923198.3780846,-5351617.624619044,-101.92134621441365,-167.16837741434574,-65.2470311999321,-12.179113970324398,-331.7345463335514,-319.555432363227,4000,,-12.119356999360026,-144.35874350368977,-132.23938650432973
7,7,1,"[[0.9192387461662292, -0.4949747323989868], [0.9192387461662292, 0.4949747323989868]]","[[0.9192387461662292, -0.4949747323989868], [0.9192387461662292, 0.4949747323989868]]",True,500,0.5666944965720176,0.9733128547668457,0.5697651013731957,11.230694723129272,3.5228359699249268,6.172097516059876,0.973365843296051,0.5698482383042573,11.230731105804443,3.5230393409729004,6.172641611099243,0.7033393979072571,0.3989922866225243,19.67601251602173,4.481325149536133,8.397381687164307,-4.031627207435667,1.0,0.0,0.0,-383573.2097974047,-375102.17873807997,8471.031059324741,-54.34565655142069,-54.062174796313045,0.28348175510764406,-8.74157724864781,-8.772344774380326,-0.030767525732516177,3000,2000,-8.703072801977395,-7.154562418162823,1.5485103838145724
0,0,2,"[[1.0, 0.0], [0.0, 1.0]]","[[1.0, 0.0], [0.0, 1.0]]",True,500,0.5535263195633888,0.9780111312866211,0.7098497077822685,22.27042751312256,9.182405471801758,17.433768558502198,0.9780229330062866,0.7098480720072985,22.270447731018066,9.182524681091309,17.434368944168092,0.5668697953224182,0.41070547699928284,51.94716529846191,12.469517707824707,23.678602123260497,-4.560899657802656,1.0,0.0,0.0,-541700.536730513,-421318.90477994457,120381.63195056841,-92.68961930572986,-92.97922054231167,-0.28960123658180237,-11.601509905606509,-5.947585496865213,5.653924408741296,3000,3000,-9.032004131004214,-5.947585496865213,3.084418634139001
0,1,2,"[[1.0, 0.0], [0.0, 1.0]]","[[0.7071067690849304, -0.7071067690849304], [0.7071067690849304, 0.7071067690849304]]",False,500,0.5701373040676116,0.9418948292732239,0.7115704972296953,19.78702907562256,8.049428939819336,13.581657791137696,0.9419037699699402,0.711537541821599,19.787051391601562,8.049514770507812,13.582257175445557,0.6314082145690918,0.4942899771034718,40.350250244140625,11.028508186340332,18.450887584686278,-28.607447185367345,0.0,1.0823922157287598,0.7653668522834778,-602001.290243119,-1076097.9956638068,-474096.7054206878,-77.65572356432676,-71.43745936900378,6.218264195322988,-7.692549213767052,-29.979830688983203,-22.28728147521615,3000,2000,-7.4395759154111145,-27.675635997205973,-20.236060081794857
0,2,2,"[[1.0, 0.0], [0.0, 1.0]]","[[6.123234262925839e-17, -1.0], [1.0, 6.123234262925839e-17]]",False,500,0.5511863112449646,0.36837437748908997,0.20486158453859388,15.293225955963134,2.009129524230957,9.925293731689454,0.3684162199497223,0.2049375743488781,15.29325499534607,2.009361743927002,9.925891208648682,0.20667524635791779,0.09398116767406464,30.51300106048584,2.267886161804199,13.48511791229248,-82.385009765625,0.0,2.0,1.4142135381698608,-560805.921471864,-1947161.0836487263,-1386355.1621768624,-63.768860502168536,-34.01985110789538,29.74900939427316,-12.357229126989841,-61.28470376357436,-48.92747463658452,2000,1000,-10.047952277958393,-34.01985110789538,-23.971898829936983
0,3,2,"[[1.0, 0.0], [0.0, 1.0]]","[[-1.0, -1.2246468525851679e-16], [1.2246468525851679e-16, -1.0]]",False,500,0.5354136765003205,-0.7280008792877197,-0.425616421806626,13.724315929412843,-2.781684398651123,10.26770920753479,-0.7280924320220947,-0.42564255609177054,13.724348068237305,-2.782041311264038,10.268285322189332,-0.39180076122283936,-0.24421557458117604,30.49541139602661,-3.4102978706359863,13.969215774536133,-324.73064296245576,0.0,2.8284270763397217,2.0,-658684.3437691219,-5374550.571112335,-4715866.227343213,-74.03766502141953,-78.53243949189782,-4.494774470478291,-12.379144728370012,-329.90200424790385,-317.5228595195338,2000,,-9.219696288183332,-78.53243949189782,-69.31274320371449
0,4,2,"[[1.0, 0.0], [0.0, 1.0]]","[[1.5, 0.0], [0.0, 0.6000000238418579]]",False,500,0.6421183720231056,0.9988365173339844,0.8414082139730453,21.29277687072754,11.519965171813965,16.217602157592772,0.9988546967506409,0.8414076507091522,21.29279718399048,11.520186424255371,16.218202304840087,0.5698316693305969,0.4842766121029854,50.03761882781983,15.504678726196289,22.026573848724365,-2.883842904260382,1.0,0.6403123736381531,0.5,-465666.396269761,-332470.20624941215,133196.19002034888,-78.7174669533968,-78.37111593186856,0.3463510215282355,-6.702850501611829,-5.153479223139584,1.549371278472245,4000,3000,-6.702850501611829,-5.153479223139584,1.549371278472245
0,5,2,"[[1.0, 0.0], [0.0, 1.0]]","[[1.0, 0.75], [0.0, 1.0]]",False,500,0.5891553856432438,0.8633005023002625,0.6854335501790046,23.36426649093628,9.64678955078125,19.277053833007812,0.8633132576942444,0.6854497440159321,23.364285373687743,9.646940231323242,19.27765483856201,0.4580323398113251,0.35254854075610637,58.544470977783206,12.903350830078125,26.17879800796509,-4.5818680542521175,1.0,0.75,0.75,-697148.3420066535,-438023.55869449675,259124.7833121568,-94.84171655774117,-96.88041987717152,-2.038703319430354,-9.845485869050027,-5.812507056072354,4.032978812977673,8000,3000,-7.800672972947359,-5.812507056072354,1.9881659168750048
0,6,2,"[[1.0, 0.0], [0.0, 1.0]]","[[-1.0, 0.0], [0.0, 1.0]]",False,500,0.4671910271048546,-0.3125839829444885,-0.12964591920026577,15.739843702316284,-0.9574087858200073,11.935081291198731,-0.31249624490737915,-0.1296006401942577,15.739870882034301,-0.9571418166160583,11.935655498504639,-0.19417746365070343,-0.06944050192832947,35.01739339828491,-1.3413918018341064,16.239697313308717,-280.96196726858614,0.0,2.0,2.0,-597435.5448693037,-4866968.664664403,-4269533.119795099,-80.84602531716227,-73.17586118802429,7.670164129137987,-13.042246486991644,-279.70622496902945,-266.6639784820378,2000,,-13.042246486991644,-73.17586118802429,-60.13361470103264
0,7,2,"[[1.0, 0.0], [0.0, 1.0]]","[[0.9192387461662292, -0.4949747323989868], [0.9192387461662292, 0.4949747323989868]]",False,500,0.6161451935768127,0.9905911684036255,0.832656168192625,19.98114233016968,10.436166763305664,14.0454927444458,0.990616500377655,0.8326603263616562,19.98116445541382,10.436445236206055,14.046092414855957,0.6185591220855713,0.5299587316811085,42.88332901000977,14.0357027053833,19.078775310516356,-29.733930546045304,0.0,1.162571668624878,1.0653667449951172,-598845.0729139149,-1094120.1398473233,-495275.0669334084,-62.59098692238331,-60.462921525537965,2.1280653968453436,-8.762388996779919,-28.82574435248971,-20.063355355709792,2000,,-8.710144551098347,-28.82574435248971,-20.11559980139136
1,0,2,"[[0.7071067690849304, -0.7071067690849304], [0.7071067690849304, 0.7071067690849304]]","[[1.0, 0.0], [0.0, 1.0]]",False,500,0.5535263195633888,0.41287946701049805,0.3304293602705002,23.892084980010985,4.162745475769043,22.24493227005005,0.4128894507884979,0.3304287627572194,23.89209861755371,4.162848472595215,22.245365619659424,0.2383253574371338,0.19291893001645805,54.58821258544922,5.505914211273193,30.225779342651368,-27.48493597507477,0.0,1.0823922157287598,0.7653668522834778,-541700.536730513,-1201014.1501892358,-659313.6134587228,-92.68961930572986,-116.59083932638168,-23.90122002065182,-11.601509905606509,-32.04101947844028,-20.439509572833774,3000,8000,-9.032004131004214,-12.837717560306192,-3.805713429301978
1,1,2,"[[0.7071067690849304, -0.7071067690849304], [0.7071067690849304, 0.7071067690849304]]","[[0.7071067690849304, -0.7071067690849304], [0.7071067690849304, 0.7071067690849304]]",True,500,0.5701373040676116,0.8262084722518921,0.6289281364530325,20.228116703033447,7.225713729858398,15.861151266098023,0.8262165784835815,0.6289013229310513,20.228132724761963,7.225790023803711,15.861583280563355,0.5341747403144836,0.4213413601741195,42.4750919342041,9.832233428955078,21.550636768341064,-3.1404439338482915,1.0,0.0,0.0,-602001.290243119,-581890.2980246581,20110.992218460888,-77.65572356432676,-93.11674413979054,-15.461020575463778,-7.692549213767052,-6.4240358883515,1.2685133254155518,3000,3000,-7.4395759154111145,-5.438134968653321,2.0014409467577936
1,2,2,"[[0.7071067690849304, -0.7071067690849304], [0.7071067690849304, 0.7071067690849304]]","[[6.123234262925839e-17, -1.0], [1.0, 6.123234262925839e-17]]",False,500,0.5511863112449646,0.8973250985145569,0.573036503791809,15.28851251602173,4.898815631866455,11.975353336334228,0.897358775138855,0.5731047183275223,15.288533449172974,4.8990068435668945,11.975783538818359,0.5812497138977051,0.3599394276738167,31.154794692993164,6.515652656555176,16.277078056335448,-24.99578802213073,0.0,1.0823922157287598,0.7653668522834778,-560805.921471864,-1065911.963756755,-505106.042284891,-63.768860502168536,-25.983111273497343,37.78574922867119,-12.357229126989841,-33.70499208718538,-21.34776296019554,2000,1000,-10.047952277958393,-24.42513758316636,-14.377185305207968
1,3,2,"[[0.7071067690849304, -0.7071067690849304], [0.7071067690849304, 0.7071067690849304]]","[[-1.0, -1.2246468525851679e-16], [1.2246468525851679e-16, -1.0]]",False,500,0.5354136765003205,-0.9164491891860962,-0.47759396135807036,13.611025071144104,-3.4937984943389893,13.311301755905152,-0.9165260791778564,-0.4776378057897091,13.611049962043761,-3.49409818649292,13.311714029312133,-0.49185672402381897,-0.2915964757092297,31.982300758361816,-4.5095977783203125,18.11131896972656,-334.6731968909502,0.0,2.613126039505005,1.8477591276168823,-658684.3437691219,-2855290.369410813,-2196606.025641691,-74.03766502141953,-96.94925351291894,-22.911588491499415,-12.379144728370012,-258.39904828965666,-246.01990356128664,2000,,-9.219696288183332,-91.23710701912641,-82.01741073094308
1,4,2,"[[0.7071067690849304, -0.7071067690849304], [0.7071067690849304, 0.7071067690849304]]","[[1.5, 0.0], [0.0, 0.6000000238418579]]",False,500,0.6421183720231056,0.5806889533996582,0.5194271910935641,22.956932640075685,7.22542142868042,20.9937650680542,0.580703854560852,0.5194270048290491,22.95694637298584,7.225610256195068,20.99419775009155,0.3403638005256653,0.31113823093473914,51.44829483032227,9.516355514526367,28.527762699127198,-21.557730685919523,0.0,1.280683994293213,1.2358598709106445,-465666.396269761,-812063.3441880345,-346396.9479182735,-78.7174669533968,-91.07099855542182,-12.35353160202503,-6.702850501611829,-21.23953683823347,-14.53668633662164,4000,7000,-6.702850501611829,-8.895396422222257,-2.192545920610428
1,5,2,"[[0.7071067690849304, -0.7071067690849304], [0.7071067690849304, 0.7071067690849304]]","[[1.0, 0.75], [0.0, 1.0]]",False,500,0.5891553856432438,0.10994143038988113,0.13308899942785501,25.67294807434082,1.3511605262756348,25.679912281036376,0.10995183140039444,0.13310229685157537,25.672960472106933,1.3512890338897705,25.680345916748045,0.05380895361304283,0.061789143658825194,60.64521827697754,1.5690701007843018,34.89560508728027,-75.56694600433111,1.0,1.6717455387115479,1.4960448741912842,-697148.3420066535,-1521292.9912481457,-824144.6492414922,-94.84171655774117,-123.02223272025586,-28.180516162514692,-9.845485869050027,-37.60351407676935,-27.758028207719324,8000,10000,-7.800672972947359,-13.823721370100975,-6.023048397153616
1,6,2,"[[0.7071067690849304, -0.7071067690849304], [0.7071067690849304, 0.7071067690849304]]","[[-1.0, 0.0], [0.0, 1.0]]",False,500,0.4671910271048546,-0.7058493494987488,-0.2711313415784389,15.581055641174316,-2.1220180988311768,15.33581714630127,-0.7057721018791199,-0.2710976570378989,15.581075477600098,-2.12178897857666,15.336228466033935,-0.43944019079208374,-0.17958970281761139,36.47566690444946,-3.1645560264587402,20.86659679412842,-334.84775211513045,0.0,2.0,2.0,-597435.5448693037,-5524275.390161574,-4926839.84529227,-80.84602531716227,-86.25311142206192,-5.407086104899648,-13.042246486991644,-331.08074204325675,-318.0384955562651,2000,,-13.042246486991644,-86.25311142206192,-73.21086493507028
1,7,2,"[[0.7071067690849304, -0.7071067690849304], [0.7071067690849304, 0.7071067690849304]]","[[0.9192387461662292, -0.4949747323989868], [0.9192387461662292, 0.4949747323989868]]",False,500,0.6161451935768127,0.6966426372528076,0.5894128687679767,21.071897983551025,7.749732971191406,17.25913519859314,0.6966636180877686,0.589416516572237,21.071912956237792,7.749972343444824,17.259567642211913,0.4322799742221832,0.37117497036233543,44.81674423217773,10.249746322631836,23.451427364349364,-19.717751532793045,0.0,0.42426401376724243,0.30000001192092896,-598845.0729139149,-827871.3403966278,-229026.26748271286,-62.59098692238331,-72.3984948411584,-9.807507918775087,-8.762388996779919,-24.31375953182578,-15.551370535045862,2000,9000,-8.710144551098347,-12.562597231566906,-3.8524526804685593
2,0,2,"[[6.123234262925839e-17, -1.0], [1.0, 6.123234262925839e-17]]","[[1.0, 0.0], [0.0, 1.0]]",False,500,0.5535263195633888,-0.18875592947006226,-0.09708187580108643,20.016908168792725,-1.5914393663406372,16.039312171936036,-0.18873478472232819,-0.0970837190747261,20.016943168640136,-1.591264009475708,16.040259170532227,-0.12403465807437897,-0.05900702591752634,46.5113302230835,-2.4409780502319336,21.812422657012938,-101.87769877314568,0.0,2.0,1.4142135381698608,-541700.536730513,-2238730.325330049,-1697029.7885995358,-92.68961930572986,-131.4896042585373,-38.799984952807435,-11.601509905606509,-65.2887560300529,-53.68724612444639,3000,15000,-9.032004131004214,-14.95566364545375,-5.923659514449536
2,1,2,"[[6.123234262925839e-17, -1.0], [1.0, 6.123234262925839e-17]]","[[0.7071067690849304, -0.7071067690849304], [0.7071067690849304, 0.7071067690849304]]",False,500,0.5701373040676116,0.4054093062877655,0.3138332687318325,17.023070955276488,2.970611095428467,12.0656409740448,0.40543094277381897,0.31378926457837225,17.023112106323243,2.9707770347595215,12.066587591171265,0.2576485574245453,0.21477809101343154,34.21504373550415,3.8009047508239746,16.405534315109254,-23.048839351534845,0.0,1.0823922157287598,0.7653668522834778,-602001.290243119,-920539.8787871003,-318538.5885439813,-77.65572356432676,-106.91827820241451,-29.26255463808775,-7.692549213767052,-27.38200301900506,-19.68945380523801,3000,5000,-7.4395759154111145,-9.227312071248889,-1.7877361558377745
2,2,2,"[[6.123234262925839e-17, -1.0], [1.0, 6.123234262925839e-17]]","[[6.123234262925839e-17, -1.0], [1.0, 6.123234262925839e-17]]",True,500,0.5511863112449646,0.9362574815750122,0.6428084641695022,12.92541241645813,4.214365005493164,9.132978367805482,0.9362891316413879,0.6428948238492012,12.925466871261596,4.214526653289795,9.13392198085785,0.636558473110199,0.42773611228913067,26.103542232513426,5.883477687835693,12.42010040283203,-4.579322041943669,1.0,0.0,0.0,-560805.921471864,-476211.16186324507,84594.75960861892,-63.768860502168536,-85.61645171158015,-21.84759120941162,-12.357229126989841,-7.859802876785397,4.497426250204444,2000,2000,-10.047952277958393,-6.962606607005,3.0853456709533926
2,3,2,"[[6.123234262925839e-17, -1.0], [1.0, 6.123234262925839e-17]]","[[-1.0, -1.2246468525851679e-16], [1.2246468525851679e-16, -1.0]]",False,500,0.5354136765003205,-0.5384471416473389,-0.23911725317593663,12.814334177970887,-1.8900907039642334,9.711844730377198,-0.5385609269142151,-0.23913993081077933,12.814389252662659,-1.8904988765716553,9.712763476371766,-0.3113022446632385,-0.1732245115796104,28.265278625488282,-2.490464210510254,13.216493272781372,-96.49570722579956,0.0,2.0,1.4142135381698608,-658684.3437691219,-1613974.5125943795,-955290.1688252576,-74.03766502141953,-97.89772770553827,-23.860062684118745,-12.379144728370012,-91.08140089511872,-78.70225616674871,2000,7000,-9.219696288183332,-30.017975393123926,-20.798279104940594
2,4,2,"[[6.123234262925839e-17, -1.0], [1.0, 6.123234262925839e-17]]","[[1.5, 0.0], [0.0, 0.6000000238418579]]",False,500,0.6421183720231056,-0.03221704810857773,0.013262547343038023,19.109465408325196,-0.33327263593673706,14.730535221099853,-0.032188426703214645,0.013261666893959046,19.109501934051515,-0.33297720551490784,14.731482410430909,-0.03174164146184921,0.006038063019514084,44.68157958984375,-0.7708013653755188,20.03390760421753,-73.04318283200264,0.0,2.1470911502838135,1.899999976158142,-465666.396269761,-1388586.1064859666,-922919.7102162056,-78.7174669533968,-100.91261238157749,-22.195145428180695,-6.702850501611829,-33.040052777528764,-26.337202275916937,4000,11000,-6.702850501611829,-12.238544420711696,-5.535693919099867
2,5,2,"[[6.123234262925839e-17, -1.0], [1.0, 6.123234262925839e-17]]","[[1.0, 0.75], [0.0, 1.0]]",False,500,0.5891553856432438,-0.5114240050315857,-0.3488395057618618,21.740142917633058,-5.316098690032959,18.365989923477173,-0.5114049315452576,-0.34881907384842636,21.74017515182495,-5.315908432006836,18.366937160491943,-0.2803269922733307,-0.19010518840514123,54.89308185577393,-7.403780460357666,24.978519248962403,-168.67694907486438,0.0,2.462214469909668,2.075183868408203,-697148.3420066535,-3550948.090007901,-2853799.7480012476,-94.84171655774117,-142.3337846159935,-47.49206805825233,-9.845485869050027,-137.96710786521436,-128.12162199616432,8000,,-7.800672972947359,-103.85152764618397,-96.05085467323661
2,6,2,"[[6.123234262925839e-17, -1.0], [1.0, 6.123234262925839e-17]]","[[-1.0, 0.0], [0.0, 1.0]]",False,500,0.4671910271048546,-0.6213539242744446,-0.20511021055281162,14.165223360061646,-1.6738942861557007,11.714117765426636,-0.6212069392204285,-0.20504498109221458,14.165271425247193,-1.6735045909881592,11.715034341812133,-0.42680880427360535,-0.16253437753766775,31.915773105621337,-2.650669574737549,15.940786170959473,-330.3373398691416,0.0,2.0,2.0,-597435.5448693037,-5113664.035320282,-4516228.490450978,-80.84602531716227,-97.49050831794739,-16.644483000785115,-13.042246486991644,-326.9956484913826,-313.95340200439097,2000,,-13.042246486991644,-96.26471754312516,-83.22247105613351
2,7,2,"[[6.123234262925839e-17, -1.0], [1.0, 6.123234262925839e-17]]","[[0.9192387461662292, -0.4949747323989868], [0.9192387461662292, 0.4949747323989868]]",False,500,0.6161451935768127,0.15248249471187592,0.1295974267704878,17.341357040405274,1.3918101787567139,12.336522674560547,0.1525239199399948,0.12960726191522554,17.3413969039917,1.3921916484832764,12.33746919631958,0.07996759563684464,0.07291992190293968,36.543136787414554,1.543643832206726,16.7765371799469,-22.744649428874254,0.0,1.162571668624878,1.0653667449951172,-598845.0729139149,-729405.9862130322,-130560.91329911724,-62.59098692238331,-85.38915908038616,-22.798172158002856,-8.762388996779919,-8.636373273842036,0.12601572293788266,2000,4000,-8.710144551098347,-8.636373273842036,0.07377127725631105
3,0,2,"[[-1.0, -1.2246468525851679e-16], [1.2246468525851679e-16, -1.0]]","[[1.0, 0.0], [0.0, 1.0]]",False,500,0.5535263195633888,-0.9741413593292236,-0.7084633886814118,22.210078525543214,-9.116837501525879,17.676023483276367,-0.9741208553314209,-0.7084649376571178,22.210108089447022,-9.116658210754395,17.676908349990846,-0.5576714873313904,-0.41004912679782135,52.45364418029785,-12.383049011230469,24.008316326141358,-325.9533228367567,0.0,2.8284270763397217,2.0,-541700.536730513,-5727308.3915531635,-5185607.854822651,-92.68961930572986,-145.41717916429042,-52.727559858560554,-11.601509905606509,-330.88846495747566,-319.28695505186914,3000,,-9.032004131004214,-124.32812260985375,-115.29611847884954
3,1,2,"[[-1.0, -1.2246468525851679e-16], [1.2246468525851679e-16, -1.0]]","[[0.7071067690849304, -0.7071067690849304], [0.7071067690849304, 0.7071067690849304]]",False,500,0.5701373040676116,-0.9427666068077087,-0.7148158239200711,18.375522708892824,-7.470343589782715,12.553652477264404,-0.9427415728569031,-0.7148524884134531,18.375558376312256,-7.470160007476807,12.554536533355712,-0.6230683922767639,-0.46411181399598717,37.3465407371521,-10.057321548461914,17.055313110351562,-223.8099616110325,0.0,2.613126039505005,1.8477591276168823,-602001.290243119,-3634035.2864846587,-3032033.9962415397,-77.65572356432676,-133.70672306716443,-56.05099950283767,-7.692549213767052,-199.41006678044795,-191.7175175666809,3000,,-7.4395759154111145,-110.72749844789504,-103.28792253248393
3,2,2,"[[-1.0, -1.2246468525851679e-16], [1.2246468525851679e-16, -1.0]]","[[6.123234262925839e-17, -1.0], [1.0, 6.123234262925839e-17]]",False,500,0.5511863112449646,-0.380773663520813,-0.22792867119424046,13.013326454162598,-1.739732027053833,9.36751675605774,-0.38074979186058044,-0.22784293603617697,13.013377141952514,-1.7396302223205566,9.368398475646973,-0.283871591091156,-0.19975250735878944,27.574691486358642,-2.802983045578003,12.728028202056885,-112.58937055468559,0.0,2.0,1.4142135381698608,-560805.921471864,-1950498.4306612983,-1389692.5091894343,-63.768860502168536,-114.12270414531231,-50.353843643143776,-12.357229126989841,-75.46891860067845,-63.11168947368861,2000,9000,-10.047952277958393,-13.168140998855232,-3.1201887208968397
3,3,2,"[[-1.0, -1.2246468525851679e-16], [1.2246468525851679e-16, -1.0]]","[[-1.0, -1.2246468525851679e-16], [1.2246468525851679e-16, -1.0]]",True,500,0.5354136765003205,0.8614829778671265,0.4844581851735711,13.5380708694458,3.1148109436035156,11.408173322677612,0.861375629901886,0.48443856928497553,13.538119173049926,3.1144356727600098,11.409032011032105,0.5198683142662048,0.31244402115189585,31.67824583053589,4.630248069763184,15.52163667678833,-4.5771658956073225,1.0,0.0,0.0,-658684.3437691219,-421214.0403011814,237470.30346794054,-74.03766502141953,-75.9340736463666,-1.896408624947071,-12.379144728370012,-6.7163365252316,5.662808203138412,2000,2000,-9.219696288183332,-6.7163365252316,2.5033597629517326
3,4,2,"[[-1.0, -1.2246468525851679e-16], [1.2246468525851679e-16, -1.0]]","[[1.5, 0.0], [0.0, 0.6000000238418579]]",False,500,0.6421183720231056,-0.9970722794532776,-0.8413498297333717,21.2750714302063,-11.487618446350098,16.625697088241576,-0.9970454573631287,-0.8413500100374222,21.275102615356445,-11.487326622009277,16.6265820980072,-0.5648761987686157,-0.47800662033259866,51.25440368652344,-15.741644859313965,22.58119821548462,-319.1236937224865,0.0,2.9681644439697266,2.5,-465666.396269761,-5507171.81994617,-5041505.423676409,-78.7174669533968,-118.27788445949554,-39.560417506098744,-6.702850501611829,-331.5371596306562,-324.8343091290444,4000,,-6.702850501611829,-108.69293563067913,-101.9900851290673
3,5,2,"[[-1.0, -1.2246468525851679e-16], [1.2246468525851679e-16, -1.0]]","[[1.0, 0.75], [0.0, 1.0]]",False,500,0.5891553856432438,-0.8541921973228455,-0.6790239326655865,24.111893749237062,-9.847573280334473,20.717545986175537,-0.8541754484176636,-0.6790073826909065,24.11192054748535,-9.847391128540039,20.71843204498291,-0.4531092941761017,-0.37546178298071026,62.316438865661624,-13.587408065795898,28.135569477081297,-322.9799211084843,0.0,2.9261748790740967,2.4098525047302246,-697148.3420066535,-5863847.03053087,-5166698.688524216,-94.84171655774117,-145.04329152703286,-50.2015749692917,-9.845485869050027,-337.69669016599653,-327.8512042969465,8000,,-7.800672972947359,-134.9353587180376,-127.13468574509025
3,6,2,"[[-1.0, -1.2246468525851679e-16], [1.2246468525851679e-16, -1.0]]","[[-1.0, 0.0], [0.0, 1.0]]",False,500,0.4671910271048546,0.31867337226867676,0.13832358047366142,13.318269491195679,0.8061139583587646,11.688372111320495,0.31882938742637634,0.13838064223527907,13.318318843841553,0.8065117597579956,11.689229583740234,0.1652095466852188,0.05545770861208439,32.869742679595944,1.0675445795059204,15.904802799224854,-149.3289032738656,0.15,2.0,2.0,-597435.5448693037,-3549105.8960407972,-2951670.3511714935,-80.84602531716227,-104.20472033023835,-23.358695013076073,-13.042246486991644,-196.25388242304325,-183.2116359360516,2000,,-13.042246486991644,-96.26471754312516,-83.22247105613351
3,7,2,"[[-1.0, -1.2246468525851679e-16], [1.2246468525851679e-16, -1.0]]","[[0.9192387461662292, -0.4949747323989868], [0.9192387461662292, 0.4949747323989868]]",False,500,0.6161451935768127,-0.9932696223258972,-0.8330008871853352,19.068227195739745,-9.97824764251709,13.365305852890014,-0.9932299256324768,-0.8329898945987224,19.068261528015135,-9.977867126464844,13.366190338134766,-0.6317952871322632,-0.526989783346653,40.94692897796631,-13.680599212646484,18.155595111846925,-320.7233301490545,0.0,2.647343397140503,2.147758960723877,-598845.0729139149,-4910539.475314319,-4311694.402400404,-62.59098692238331,-115.45899931788445,-52.86801239550114,-8.762388996779919,-314.70117967128755,-305.93879067450763,2000,,-8.710144551098347,-100.64812968671322,-91.93798513561487
4,0,2,"[[1.5, 0.0], [0.0, 0.6000000238418579]]","[[1.0, 0.0], [0.0, 1.0]]",False,500,0.5535263195633888,0.9743812084197998,0.7073820792138577,23.03983383178711,9.467945098876953,18.661351871490478,0.9743990898132324,0.7073794163763523,23.039871501922608,9.468133926391602,18.662519931793213,0.5460147857666016,0.3952756203711033,55.62023220062256,12.864803314208984,25.346608352661132,-4.567140891868621,1.0,0.6403123736381531,0.5,-541700.536730513,-431428.8844805211,110271.6522499919,-92.68961930572986,-93.2682829260826,-0.5786636203527422,-11.601509905606509,-6.07561845369637,5.525891451910139,3000,3000,-9.032004131004214,-6.07561845369637,2.9563856773078445
4,1,2,"[[1.5, 0.0], [0.0, 0.6000000238418579]]","[[0.7071067690849304, -0.7071067690849304], [0.7071067690849304, 0.7071067690849304]]",False,500,0.5701373040676116,0.9451103210449219,0.7148782499134541,19.569102478027343,7.989251136779785,13.586257171630859,0.9451285004615784,0.714834326505661,19.56914653778076,7.989422798156738,13.587424421310425,0.6229191422462463,0.48892139084637165,40.65458106994629,10.965667724609375,18.457938528060915,-21.00039966776967,0.0,1.280683994293213,1.2358598709106445,-602001.290243119,-1048996.422548592,-446995.1323054731,-77.65572356432676,-71.59288194030523,6.06284162402153,-7.692549213767052,-25.27470801845193,-17.582158804684877,3000,2000,-7.4395759154111145,-25.27470801845193,-17.835132103040813
4,2,2,"[[1.5, 0.0], [0.0, 0.6000000238418579]]","[[6.123234262925839e-17, -1.0], [1.0, 6.123234262925839e-17]]",False,500,0.5511863112449646,0.34892764687538147,0.19045932684093714,14.776347160339355,1.8361896276474,10.197992658615112,0.3489658534526825,0.1905582374893129,14.776405715942383,1.8363983631134033,10.199156141281128,0.17603830993175507,0.07348361266776919,31.053721332550047,1.9703081846237183,13.856244373321534,-102.53781678974629,0.0,2.1470911502838135,1.899999976158142,-560805.921471864,-2087875.5066152662,-1527069.5851434022,-63.768860502168536,-34.17585310488939,29.593007397279145,-12.357229126989841,-72.32629499733449,-59.96906587034464,2000,1000,-10.047952277958393,-34.17585310488939,-24.127900826930997
4,3,2,"[[1.5, 0.0], [0.0, 0.6000000238418579]]","[[-1.0, -1.2246468525851679e-16], [1.2246468525851679e-16, -1.0]]",False,500,0.5354136765003205,-0.6915731430053711,-0.4118212765082717,14.189594936370849,-2.7308735847473145,11.536589503288269,-0.6916875839233398,-0.41185695510357617,14.189657020568848,-2.7313380241394043,11.537725639343261,-0.3362320363521576,-0.2155581214465201,34.00990619659424,-3.2763917446136475,15.696710586547852,-324.5767222046852,0.0,2.9681644439697266,2.5,-658684.3437691219,-5437068.290904909,-4778383.947135787,-74.03766502141953,-77.57747015804053,-3.5398051366209984,-12.379144728370012,-330.04941082298757,-317.67026609461755,2000,,-9.219696288183332,-77.57747015804053,-68.3577738698572
4,4,2,"[[1.5, 0.0], [0.0, 0.6000000238418579]]","[[1.5, 0.0], [0.0, 0.6000000238418579]]",True,500,0.6421183720231056,0.9985272288322449,0.8412262827157975,22.13663692474365,11.976613998413086,17.58064546585083,0.9985525012016296,0.8412245362997055,22.136675930023195,11.976938247680664,17.581813859939576,0.549512505531311,0.4671829011291265,53.92027053833008,16.11623764038086,23.878847789764404,-2.8850109231192618,1.0,0.0,0.0,-465666.396269761,-324358.95889448,141307.437375281,-78.7174669533968,-78.58871873319148,0.12874822020530985,-6.702850501611829,-5.014808952622116,1.6880415489897134,4000,3000,-6.702850501611829,-5.014808952622116,1.6880415489897134
4,5,2,"[[1.5, 0.0], [0.0, 0.6000000238418579]]","[[1.0, 0.75], [0.0, 1.0]]",False,500,0.5891553856432438,0.8580925464630127,0.681360001116991,24.676165962219237,10.130603790283203,21.443194770812987,0.8581091165542603,0.6813794724643231,24.67620086669922,10.130813598632812,21.444364738464355,0.43501338362693787,0.33380514830350877,64.65043830871582,13.537799835205078,29.121357727050782,-4.537145666126162,1.0,0.9861541390419006,0.9640873670578003,-697148.3420066535,-435155.5305823684,261992.81142428517,-94.84171655774117,-97.04142262041569,-2.1997060626745224,-9.845485869050027,-5.66889603100717,4.176589838042856,8000,3000,-7.800672972947359,-5.636962002143264,2.163710970804095
4,6,2,"[[1.5, 0.0], [0.0, 0.6000000238418579]]","[[-1.0, 0.0], [0.0, 1.0]]",False,500,0.4671910271048546,-0.3554059863090515,-0.14977204743772746,15.048949575424194,-1.036850929260254,12.631864881515503,-0.3552602231502533,-0.14970692046917974,15.049006748199464,-1.036429762840271,12.632998418807983,-0.19719277322292328,-0.07768630972132087,36.549483966827395,-1.4265172481536865,17.189189624786376,-281.1482243388891,0.0,2.5317976474761963,2.5,-597435.5448693037,-4875272.007083148,-4277836.462213844,-80.84602531716227,-74.2663881123066,6.579637204855672,-13.042246486991644,-279.9077892303467,-266.86554274335504,2000,,-13.042246486991644,-74.2663881123066,-61.22414162531496
4,7,2,"[[1.5, 0.0], [0.0, 0.6000000238418579]]","[[0.9192387461662292, -0.4949747323989868], [0.9192387461662292, 0.4949747323989868]]",False,500,0.6161451935768127,0.9919039607048035,0.8344694197177887,20.280956649780272,10.611634254455566,14.55167064666748,0.9919408559799194,0.8344769701361656,20.280999279022218,10.612051963806152,14.552837991714478,0.6052741408348083,0.5194993413984775,44.55860290527344,14.276920318603516,19.767234992980956,-22.05767061188817,0.0,1.1992971897125244,1.104577898979187,-598845.0729139149,-1140444.7864774615,-541599.7135635465,-62.59098692238331,-60.57737160474062,2.0136153176426888,-8.762388996779919,-32.92277190387249,-24.16038290709257,2000,,-8.710144551098347,-32.92277190387249,-24.212627352774142
5,0,2,"[[1.0, 0.75], [0.0, 1.0]]","[[1.0, 0.0], [0.0, 1.0]]",False,500,0.5535263195633888,0.9806349873542786,0.6964784169569611,21.82048397064209,9.022058486938477,16.504724407196044,0.9806543588638306,0.6964751204475761,21.820509243011475,9.022248268127441,16.505472135543823,0.6567829847335815,0.4714961379766464,43.7915132522583,12.142041206359863,22.428541278839113,-12.088137344270944,0.65,0.75,0.75,-541700.536730513,-520104.5968705788,21595.93985993415,-92.68961930572986,-89.18642128407956,3.503198021650306,-11.601509905606509,-7.175740372389555,4.425769533216954,3000,5000,-9.032004131004214,-7.175740372389555,1.8562637586146593
5,1,2,"[[1.0, 0.75], [0.0, 1.0]]","[[0.7071067690849304, -0.7071067690849304], [0.7071067690849304, 0.7071067690849304]]",False,500,0.5701373040676116,0.7679723501205444,0.5783549511805177,18.55441732406616,6.154848098754883,12.071500015258788,0.7680001854896545,0.5783249845728278,18.554447174072266,6.155081748962402,12.072247505187988,0.5574389696121216,0.4390830315183848,34.37726097106933,8.26999282836914,16.407143783569335,-24.85404368098825,1.0,1.6717455387115479,1.4960448741912842,-602001.290243119,-1308338.2592141628,-706336.9689710438,-77.65572356432676,-68.3659971445799,9.28972641974687,-7.692549213767052,-39.17533043250442,-31.482781218737365,3000,2000,-7.4395759154111145,-38.24910113066435,-30.809525215253235
5,2,2,"[[1.0, 0.75], [0.0, 1.0]]","[[6.123234262925839e-17, -1.0], [1.0, 6.123234262925839e-17]]",False,500,0.5511863112449646,0.05136169120669365,-0.013529851101338863,13.528240871429443,0.24720118939876556,8.390155601501466,0.05134788155555725,-0.013485190644860267,13.528281879425048,0.24713553488254547,8.390900707244873,0.005418627988547087,-0.04773184366058558,25.368540668487547,0.049250274896621704,11.401952934265136,-174.79810134470463,0.0,2.462214469909668,2.075183868408203,-560805.921471864,-2716203.7817994133,-2155397.8603275493,-63.768860502168536,-37.62344922944904,26.1454112727195,-12.357229126989841,-154.82318530268967,-142.46595617569983,2000,1000,-10.047952277958393,-37.62344922944904,-27.575496951490642
5,3,2,"[[1.0, 0.75], [0.0, 1.0]]","[[-1.0, -1.2246468525851679e-16], [1.2246468525851679e-16, -1.0]]",False,500,0.5354136765003205,-0.5224958658218384,-0.3241165690124035,13.873564100265503,-1.984020471572876,10.300191926956177,-0.5225688815116882,-0.32411806769669055,13.873603439331054,-1.9843039512634277,10.300918531417846,-0.28753602504730225,-0.1902216159272939,29.314295291900635,-2.3679251670837402,14.014227962493896,-334.68724510371686,0.0,2.9261748790740967,2.4098525047302246,-658684.3437691219,-5602900.481806695,-4944216.138037574,-74.03766502141953,-72.84880757257342,1.1888574488461074,-12.379144728370012,-331.76412206590174,-319.3849773375317,2000,,-9.219696288183332,-72.84880757257342,-63.62911128439009
5,4,2,"[[1.0, 0.75], [0.0, 1.0]]","[[1.5, 0.0], [0.0, 0.6000000238418579]]",False,500,0.6421183720231056,0.9351068139076233,0.7731635831296444,20.807079792022705,10.54069995880127,15.25085515975952,0.9351306557655334,0.7731618858873844,20.80710611343384,10.540982246398926,15.25160355567932,0.6266151070594788,0.5254462618380785,41.520762062072755,14.119832992553711,20.723368072509764,-22.814119950681924,0.0,0.9861541390419006,0.9640873670578003,-465666.396269761,-330911.5752181038,134754.8210516572,-78.7174669533968,-76.38251204490662,2.3349549084901753,-6.702850501611829,-7.731490491703153,-1.0286399900913237,4000,3000,-6.702850501611829,-7.064073651283979,-0.3612231496721501
5,5,2,"[[1.0, 0.75], [0.0, 1.0]]","[[1.0, 0.75], [0.0, 1.0]]",True,500,0.5891553856432438,0.9867334365844727,0.7606133364140988,23.212200927734376,10.953929901123047,18.592633295059205,0.9867470860481262,0.7606246702373027,23.21222496032715,10.954092979431152,18.593381786346434,0.6266122460365295,0.4764547687023878,48.88243808746338,14.698348999023438,25.261941528320314,-3.989706269837916,1.0,0.0,0.0,-697148.3420066535,-578548.8929191604,118599.44908749312,-94.84171655774117,-93.5122481584549,1.3294683992862701,-9.845485869050027,-5.877329858019948,3.9681560110300786,8000,6000,-7.800672972947359,-5.877329858019948,1.9233431149274107
5,6,2,"[[1.0, 0.75], [0.0, 1.0]]","[[-1.0, 0.0], [0.0, 1.0]]",False,500,0.4671910271048546,-0.1437283307313919,-0.06398717490956188,13.609249258041382,-0.38120484352111816,10.36594090461731,-0.14356893301010132,-0.06391376382671296,13.609290218353271,-0.3807832598686218,10.366666293144226,-0.11353015154600143,-0.053277008095756175,28.147038841247557,-0.6314254999160767,14.105426025390624,-331.01034933030604,0.0,2.136000871658325,2.136000871658325,-597435.5448693037,-5470658.271377534,-4873222.72650823,-80.84602531716227,-72.96533569321036,7.880689623951909,-13.042246486991644,-325.35842106640337,-312.3161745794117,2000,,-13.042246486991644,-72.96533569321036,-59.92308920621872
5,7,2,"[[1.0, 0.75], [0.0, 1.0]]","[[0.9192387461662292, -0.4949747323989868], [0.9192387461662292, 0.4949747323989868]]",False,500,0.6161451935768127,0.8818615674972534,0.7410142704844475,19.07770938873291,8.871672630310059,12.769961929321289,0.8818976879119873,0.7410269677639008,19.07773838043213,8.872049331665039,12.770709657669068,0.6236464381217957,0.5335278525948525,35.96615800857544,11.828994750976562,17.354568815231325,-36.48180928453803,0.0,1.6298879384994507,1.3884881734848022,-598845.0729139149,-1417385.930004716,-818540.857090801,-62.59098692238331,-59.96645165681839,2.6245352655649157,-8.762388996779919,-47.76766255348921,-39.00527355670929,2000,,-8.710144551098347,-45.01315122619271,-36.303006675094366
6,0,2,"[[-1.0, 0.0], [0.0, 1.0]]","[[1.0, 0.0], [0.0, 1.0]]",False,500,0.5535263195633888,-0.7237575650215149,-0.5264596451073885,22.880989456176756,-6.979952335357666,20.026954650878906,-0.7237356901168823,-0.5264615580439568,22.881017398834228,-6.97974967956543,20.02782039642334,-0.386692613363266,-0.2838544689118862,57.84572887420654,-9.474050521850586,27.200919818878173,-281.0872216999531,0.0,2.0,2.0,-541700.536730513,-4755542.067949474,-4213841.531218961,-92.68961930572986,-118.32803135216236,-25.638412046432492,-11.601509905606509,-279.626336184144,-268.0248262785375,3000,,-9.032004131004214,-118.32803135216236,-109.29602722115814
6,1,2,"[[-1.0, 0.0], [0.0, 1.0]]","[[0.7071067690849304, -0.7071067690849304], [0.7071067690849304, 0.7071067690849304]]",False,500,0.5701373040676116,-0.8302440643310547,-0.5951285379444016,18.88018684387207,-6.75723934173584,14.442142677307128,-0.8302122354507446,-0.5951582873509323,18.880220890045166,-6.756992816925049,14.443006944656371,-0.5176233053207397,-0.355266689643031,40.61758193969727,-9.087244033813477,19.62116150856018,-299.54150761067865,0.0,2.0,2.0,-602001.290243119,-4956520.907573402,-4354519.617330283,-77.65572356432676,-99.53635367155076,-21.880630107223993,-7.692549213767052,-301.1495727866888,-293.45702357292174,3000,,-7.4395759154111145,-99.53635367155076,-92.09677775613964
6,2,2,"[[-1.0, 0.0], [0.0, 1.0]]","[[6.123234262925839e-17, -1.0], [1.0, 6.123234262925839e-17]]",False,500,0.5511863112449646,-0.6143242716789246,-0.21768385898321868,13.966809701919555,-3.0116007328033447,10.874370336532593,-0.6143344044685364,-0.21763644646853209,13.966856050491334,-3.0116610527038574,10.875232219696045,-0.4165918529033661,-0.18778343331068753,30.638591480255126,-4.5656023025512695,14.775704193115235,-328.56650492846967,0.0,2.0,2.0,-560805.921471864,-4749443.974597752,-4188638.053125888,-63.768860502168536,-91.79668436795473,-28.02782386578619,-12.357229126989841,-321.3967406779528,-309.0395115509629,2000,,-10.047952277958393,-91.79668436795473,-81.74873208999634
6,3,2,"[[-1.0, 0.0], [0.0, 1.0]]","[[-1.0, -1.2246468525851679e-16], [1.2246468525851679e-16, -1.0]]",False,500,0.5354136765003205,-0.08724085241556168,0.02058850461617112,13.59273271560669,-0.3192098140716553,12.065979146957398,-0.08732514083385468,0.020568448957055806,13.592781209945679,-0.3195194900035858,12.066820430755616,0.0012628117110580206,0.026443551118245524,34.13506746292114,0.012239068746566772,16.41615581512451,-156.54107243232428,0.1,2.0,2.0,-658684.3437691219,-3298029.6930238605,-2639345.3492547385,-74.03766502141953,-96.07783127650619,-22.04016625508666,-12.379144728370012,-184.2099992275238,-171.8308544991538,2000,,-9.219696288183332,-91.23710701912641,-82.01741073094308
6,4,2,"[[-1.0, 0.0], [0.0, 1.0]]","[[1.5, 0.0], [0.0, 0.6000000238418579]]",False,500,0.6421183720231056,-0.8903862237930298,-0.7565889924764633,22.159432125091552,-10.686570167541504,18.988585042953492,-0.8903599381446838,-0.7565894231200219,22.159460639953615,-10.686267852783203,18.989449787139893,-0.47595155239105225,-0.40455311462283133,56.68406181335449,-14.672800064086914,25.790379524230957,-287.75350577235224,0.0,2.5317976474761963,2.5,-465666.396269761,-4780637.987200916,-4314971.590931155,-78.7174669533968,-105.2624120682478,-26.544945114851004,-6.702850501611829,-286.53363704681396,-279.83078654520216,4000,,-6.702850501611829,-105.2624120682478,-98.55956156663596
6,5,2,"[[-1.0, 0.0], [0.0, 1.0]]","[[1.0, 0.75], [0.0, 1.0]]",False,500,0.5891553856432438,-0.635093092918396,-0.5133723217993975,25.135104370117187,-7.6351318359375,23.45966911315918,-0.6350778341293335,-0.5133594173938036,25.135129928588867,-7.634956359863281,23.4605354309082,-0.31718647480010986,-0.2711929527577013,69.45230445861816,-10.60552978515625,31.85876398086548,-281.6520685970783,0.0,2.136000871658325,2.136000871658325,-697148.3420066535,-4855089.426206052,-4157941.0841993988,-94.84171655774117,-125.78949438631534,-30.947777828574175,-9.845485869050027,-280.2573545753956,-270.41186870634556,8000,,-7.800672972947359,-125.78949438631534,-117.98882141336799
6,6,2,"[[-1.0, 0.0], [0.0, 1.0]]","[[-1.0, 0.0], [0.0, 1.0]]",True,500,0.4671910271048546,0.9781547784805298,0.5342579478397965,14.311982154846191,2.6398465633392334,13.539694356918336,0.9783180952072144,0.5343199107330292,14.312026500701904,2.640296459197998,13.540534782409669,0.4917163848876953,0.2876473276875913,36.741047382354736,3.541050434112549,18.423585748672487,-4.573103686980903,1.0,0.0,0.0,-597435.5448693037,-459435.5854647234,137999.9594045803,-80.84602531716227,-84.91198303773999,-4.065957720577714,-13.042246486991644,-8.02194526605308,5.020301220938563,2000,2000,-13.042246486991644,-6.882366622984409,6.159879864007235
6,7,2,"[[-1.0, 0.0], [0.0, 1.0]]","[[0.9192387461662292, -0.4949747323989868], [0.9192387461662292, 0.4949747323989868]]",False,500,0.6161451935768127,-0.8642188906669617,-0.7382256373763084,19.7280743598938,-8.984373092651367,15.284644985198975,-0.8641787171363831,-0.7382109761238098,19.728106594085695,-8.983970642089844,15.285509252548218,-0.5213106870651245,-0.4413840502500534,44.78532447814941,-12.351073265075684,20.762839126586915,-331.04364225268364,0.0,2.2424380779266357,2.2305543422698975,-598845.0729139149,-5210483.087794483,-4611638.014880568,-62.59098692238331,-96.94894494116306,-34.357958018779755,-8.762388996779919,-329.1852455198765,-320.4228565230966,2000,,-8.710144551098347,-96.94894494116306,-88.23880039006471
7,0,2,"[[0.9192387461662292, -0.4949747323989868], [0.9192387461662292, 0.4949747323989868]]","[[1.0, 0.0], [0.0, 1.0]]",False,500,0.5535263195633888,0.5291348099708557,0.4148823674535379,18.468693733215332,4.117490768432617,13.474804258346557,0.5291444063186646,0.4148812685161829,18.46872148513794,4.117571830749512,13.475499629974365,0.3475116193294525,0.27219045083038507,37.68600215911865,5.531529426574707,18.30744800567627,-24.872801170498132,0.0,1.162571668624878,1.0653667449951172,-541700.536730513,-892865.9358236939,-351165.3990931809,-92.68961930572986,-111.50721184313298,-18.817592537403115,-11.601509905606509,-24.807394209504128,-13.20588430389762,3000,7000,-9.032004131004214,-11.432222137600183,-2.400218006595969
7,1,2,"[[0.9192387461662292, -0.4949747323989868], [0.9192387461662292, 0.4949747323989868]]","[[0.7071067690849304, -0.7071067690849304], [0.7071067690849304, 0.7071067690849304]]",False,500,0.5701373040676116,0.903846263885498,0.6919149704277515,15.178611278533936,5.909996032714844,9.386403155326843,0.9038426280021667,0.6918606974184514,15.178645038604737,5.909985542297363,9.38709752559662,0.6520894169807434,0.5109659168869257,28.621179389953614,8.063336372375488,12.753499364852905,-3.3362178968265654,1.0,0.42426401376724243,0.30000001192092896,-602001.290243119,-427218.4218276292,174782.8684154898,-77.65572356432676,-88.04305084943772,-10.387327285110956,-7.692549213767052,-6.841440097615123,0.8511091161519291,3000,3000,-7.4395759154111145,-5.819526103138924,1.6200498122721907
7,2,2,"[[0.9192387461662292, -0.4949747323989868], [0.9192387461662292, 0.4949747323989868]]","[[6.123234262925839e-17, -1.0], [1.0, 6.123234262925839e-17]]",False,500,0.5511863112449646,0.8871325254440308,0.5931717999279499,10.981820917129516,3.4032113552093506,7.216458034515381,0.8872508406639099,0.5933409344404936,10.98186798095703,3.4036808013916016,7.217150378227234,0.6312657594680786,0.41995654795318843,20.529673385620118,4.5821332931518555,9.81066164970398,-23.93345959112048,0.0,1.162571668624878,1.0653667449951172,-560805.921471864,-985799.1556668654,-424993.2341950014,-63.768860502168536,-26.216328874230385,37.55253162793815,-12.357229126989841,-32.27783688642084,-19.920607759431,2000,1000,-10.047952277958393,-26.216328874230385,-16.16837659627199
7,3,2,"[[0.9192387461662292, -0.4949747323989868], [0.9192387461662292, 0.4949747323989868]]","[[-1.0, -1.2246468525851679e-16], [1.2246468525851679e-16, -1.0]]",False,500,0.5354136765003205,-0.9598042368888855,-0.49975713789463044,12.03416841030121,-3.1778268814086914,8.912016892433167,-0.959935188293457,-0.499807795137167,12.034211230278014,-3.1782724857330322,8.912684035301208,-0.6144169569015503,-0.3598378718830645,23.99826693534851,-4.162967681884766,12.126760911941528,-334.4724478185177,0.0,2.647343397140503,2.147758960723877,-658684.3437691219,-3562096.3179193437,-2903411.974150222,-74.03766502141953,-103.45461014211178,-29.416945120692247,-12.379144728370012,-196.1934868425131,-183.81434211414307,2000,,-9.219696288183332,-91.23710701912641,-82.01741073094308
7,4,2,"[[0.9192387461662292, -0.4949747323989868], [0.9192387461662292, 0.4949747323989868]]","[[1.5, 0.0], [0.0, 0.6000000238418579]]",False,500,0.6421183720231056,0.6585328578948975,0.5845525525510311,17.521913385391237,6.249080181121826,12.404212093353271,0.6585528254508972,0.5845509104430675,17.521943140029908,6.249279975891113,12.404906797409058,0.44362953305244446,0.3979929702356458,34.588550662994386,8.326396942138672,16.854759216308594,-21.208325534313918,0.0,1.1992971897125244,1.104577898979187,-465666.396269761,-591215.9901546314,-125549.59388487041,-78.7174669533968,-88.22378276586532,-9.506315812468529,-6.702850501611829,-13.115491625294089,-6.41264112368226,4000,6000,-6.702850501611829,-8.785192125663162,-2.082341624051333
7,5,2,"[[0.9192387461662292, -0.4949747323989868], [0.9192387461662292, 0.4949747323989868]]","[[1.0, 0.75], [0.0, 1.0]]",False,500,0.5891553856432438,0.21741487085819244,0.21551991468295456,20.126207733154295,2.092507839202881,15.890163898468018,0.2174309641122818,0.21554492898285388,20.126233291625976,2.092665672302246,15.890860033035278,0.1328275352716446,0.12493864819407463,41.96436309814453,2.6743221282958984,21.590380954742432,-26.06353872679174,1.0,1.6298879384994507,1.3884881734848022,-697148.3420066535,-1027849.9270388857,-330701.5850322321,-94.84171655774117,-118.07388948500156,-23.232172927260393,-9.845485869050027,-22.162668773159385,-12.317182904109359,8000,8000,-7.800672972947359,-12.763484806194901,-4.962811833247542
7,6,2,"[[0.9192387461662292, -0.4949747323989868], [0.9192387461662292, 0.4949747323989868]]","[[-1.0, 0.0], [0.0, 1.0]]",False,500,0.4671910271048546,-0.6463971734046936,-0.24023648854345084,11.731805515289306,-1.4414994716644287,9.461521816253661,-0.6463130712509155,-0.2402122041210532,11.731848621368409,-1.4413177967071533,9.462186908721923,-0.4464617669582367,-0.17337216259911656,24.401516914367676,-2.122854709625244,12.874881839752197,-334.64540407657626,0.0,2.2424380779266357,2.2305543422698975,-597435.5448693037,-5518718.685276806,-4921283.140407503,-80.84602531716227,-82.3350714981556,-1.489046180993327,-13.042246486991644,-329.98170267641547,-316.9394561894238,2000,,-13.042246486991644,-82.3350714981556,-69.29282501116396
7,7,2,"[[0.9192387461662292, -0.4949747323989868], [0.9192387461662292, 0.4949747323989868]]","[[0.9192387461662292, -0.4949747323989868], [0.9192387461662292, 0.4949747323989868]]",True,500,0.6161451935768127,0.7752266526222229,0.6512847959995269,15.775728988647462,6.4412689208984375,10.025157833099366,0.7752535939216614,0.6512800432741642,15.77576141357422,6.441506862640381,10.02585244178772,0.5448158979415894,0.46085779581335373,29.941531372070312,8.606477737426758,13.621729850769043,-3.972612136043608,1.0,0.0,0.0,-598845.0729139149,-618590.8879026771,-19745.81498876214,-62.59098692238331,-69.70108998566866,-7.110103063285351,-8.762388996779919,-6.184316302090883,2.5780726946890358,2000,3000,-8.710144551098347,-6.184316302090883,2.525828249007464
0,0,3,"[[1.0, 0.0], [0.0, 1.0]]","[[1.0, 0.0], [0.0, 1.0]]",True,500,0.5640871062874794,0.9866436123847961,0.6129603881388903,10.411764216423034,3.5385241508483887,5.122585344314575,0.98654705286026,0.6128411646932364,10.411778235435486,3.5381827354431152,5.122775316238403,0.7604953646659851,0.4746469594538212,18.57584090232849,4.8939619064331055,6.959905564785004,-4.769082380086184,1.0,0.0,0.0,-437091.0715745762,-481636.04970965534,-44544.978135079145,-38.52320045977831,-27.898042496666314,10.625157963111995,-11.923660661652685,-6.914630877226591,5.009029784426094,1000,1000,-10.517919390648604,-6.914630877226591,3.6032885134220134
0,1,3,"[[1.0, 0.0], [0.0, 1.0]]","[[0.7071067690849304, -0.7071067690849304], [0.7071067690849304, 0.7071067690849304]]",False,500,0.5742250859737397,0.41367655992507935,0.32778192050755023,10.161881399154662,1.8340935707092285,4.527063095569611,0.4136401116847992,0.3277176540344954,10.161895179748536,1.8339343070983887,4.52724996805191,0.3416471481323242,0.28643348766490817,17.662051725387574,2.642369270324707,6.155560183525085,-24.22917808070779,0.0,1.0823922157287598,0.7653668522834778,-420117.5733808428,-463963.5195247829,-43845.94614394009,-21.914355382323265,-22.19895938746631,-0.28460400514304496,-9.499301076307892,-23.493977255001663,-13.994676178693771,0,0,-7.7853265684098005,-7.511545065417886,0.2737815029919144
0,2,3,"[[1.0, 0.0], [0.0, 1.0]]","[[6.123234262925839e-17, -1.0], [1.0, 6.123234262925839e-17]]",False,500,0.566726466268301,0.15569525957107544,0.0835825549904257,11.115259170532227,0.7799487113952637,4.680160737037658,0.15573598444461823,0.08359205429442226,11.115271615982056,0.7801536321640015,4.680348861217499,0.07117883861064911,0.04242799170315266,19.135893297195434,0.6170463562011719,6.3647229194641115,-132.11599937975407,0.0,2.0,1.4142135381698608,-465972.8137265891,-2294138.7379882857,-1828165.9242616966,-40.26584855429828,-69.6455965384841,-29.37974798418582,-9.496439642459155,-47.13211129829288,-37.63567165583372,2000,13000,-8.345314616337419,-12.832296140585095,-4.4869815242476765
0,3,3,"[[1.0, 0.0], [0.0, 1.0]]","[[-1.0, -1.2246468525851679e-16], [1.2246468525851679e-16, -1.0]]",False,500,0.5419459447264672,-0.8910900950431824,-0.4159368995577097,15.000266408920288,-3.3701000213623047,7.888409614562988,-0.8910439014434814,-0.4158978721126914,15.000275993347168,-3.369927406311035,7.888597512245179,-0.6613492369651794,-0.3116406237706542,28.030230712890624,-4.701300621032715,10.726544094085693,-331.42205877900125,0.0,2.8284270763397217,2.0,-463928.2530969009,-5683535.90939492,-5219607.656298019,-80.26877332627774,-127.20217400193215,-46.93340067565441,-8.933943864703178,-329.3409475177526,-320.40700365304946,2000,,-8.645408452674747,-108.80966653823853,-100.16425808556379
0,4,3,"[[1.0, 0.0], [0.0, 1.0]]","[[1.5, 0.0], [0.0, 0.6000000238418579]]",False,500,0.5521874137222766,0.9705854058265686,0.6432705380022525,9.476778626441956,3.263301372528076,5.445225894451141,0.9704530835151672,0.6430780835449695,9.476794409751893,3.262861728668213,5.445408260822296,0.6574466228485107,0.44851806871593,18.925603771209715,4.511103630065918,7.409975934028625,-3.0093834524042906,1.0,0.6403123736381531,0.5,-242455.88594852015,-224192.01922435313,18263.86672416702,-19.68547890931368,-18.24365291520953,1.4418259941041498,-9.887562314979732,-6.127552785351872,3.76000952962786,0,0,-9.887562314979732,-6.127552785351872,3.76000952962786
0,5,3,"[[1.0, 0.0], [0.0, 1.0]]","[[1.0, 0.75], [0.0, 1.0]]",False,500,0.5278617672622203,0.8259133100509644,0.7076159548014402,12.294310474395752,4.202276229858398,6.861967146396637,0.825827419757843,0.7075536611489952,12.29432201385498,4.201843738555908,6.862156319618225,0.6007972955703735,0.5207619067281485,23.679671859741212,5.948352813720703,9.323079109191895,-4.5088331118226055,1.0,0.75,0.75,-838643.3141509071,-359504.05293721706,479139.26121369004,-71.84179575741291,-67.89933459870517,3.9424611587077436,-9.55224299095571,-6.758530269190669,2.793712721765041,4000,3000,-9.55224299095571,-6.758530269190669,2.793712721765041
0,6,3,"[[1.0, 0.0], [0.0, 1.0]]","[[-1.0, 0.0], [0.0, 1.0]]",False,500,0.4591140583157539,-0.8368903994560242,-0.29722732976078986,14.430330896377564,-2.4546098709106445,8.459984064102173,-0.8367947340011597,-0.29718163385987284,14.430340385437011,-2.4543309211730957,8.460169887542724,-0.5914459228515625,-0.21897907964885235,28.739373397827148,-3.4870731830596924,11.50821874141693,-284.2052246659994,0.0,2.0,2.0,-556041.2206027657,-4986769.327580929,-4430728.106978163,-80.93817140460014,-127.03415264785289,-46.09598124325275,-9.366942669451237,-279.8960867643356,-270.5291440948844,6000,,-9.366942669451237,-119.82518451213836,-110.45824184268713
0,7,3,"[[1.0, 0.0], [0.0, 1.0]]","[[0.9192387461662292, -0.4949747323989868], [0.9192387461662292, 0.4949747323989868]]",False,500,0.5444559276103973,0.7801449298858643,0.4524066407233477,10.3399986743927,2.780984878540039,4.666236495971679,0.7803373336791992,0.4525743106380105,10.340012693405152,2.78167462348938,4.666430044174194,0.5343805551528931,0.29576103421859445,17.97290382385254,3.3323440551757812,6.3367844581604,-26.667140271514654,0.0,1.162571668624878,1.0653667449951172,-380462.6676863991,-880579.9095124006,-500117.24182600155,-65.66110553592443,-85.30796276777983,-19.646857231855392,-11.70968734268099,-34.529237267002465,-22.819549924321475,3000,5000,-8.00200465582311,-12.318440426886081,-4.31643577106297
1,0,3,"[[0.7071067690849304, -0.7071067690849304], [0.7071067690849304, 0.7071067690849304]]","[[1.0, 0.0], [0.0, 1.0]]",False,500,0.5640871062874794,0.4352061152458191,0.31625043600797653,11.600570964813233,1.755307674407959,4.151818549633026,0.4351099133491516,0.3161656914278865,11.60058398246765,1.7549216747283936,4.152024340629578,0.40415751934051514,0.29768807385116813,17.77727952003479,2.5026252269744873,5.643390846252442,-137.53309102356434,0.0,1.0823922157287598,0.7653668522834778,-437091.0715745762,-2337236.2746596336,-1900145.2030850574,-38.52320045977831,-68.14376429021358,-29.620563830435273,-11.923660661652685,-125.50795813798905,-113.58429747633636,1000,,-10.517919390648604,-57.00107781291008,-46.48315842226148
1,1,3,"[[0.7071067690849304, -0.7071067690849304], [0.7071067690849304, 0.7071067690849304]]","[[0.7071067690849304, -0.7071067690849304], [0.7071067690849304, 0.7071067690849304]]",True,500,0.5742250859737397,0.9730652570724487,0.7037386693060398,12.176382541656494,5.204446315765381,4.3712110877037045,0.9730396866798401,0.7036984488368034,12.176394891738891,5.204314708709717,4.371415400505066,0.8768447041511536,0.6398847645148635,18.63795413970947,7.183109760284424,5.944637727737427,-3.3554445323999973,1.0,0.0,0.0,-420117.5733808428,-226020.2163148555,194097.3570659873,-21.914355382323265,-21.123087392374874,0.7912679899483912,-9.499301076307892,-8.180608145100996,1.318692931206897,0,0,-7.7853265684098005,-8.180608145100996,-0.395281576691195
1,2,3,"[[0.7071067690849304, -0.7071067690849304], [0.7071067690849304, 0.7071067690849304]]","[[6.123234262925839e-17, -1.0], [1.0, 6.123234262925839e-17]]",False,500,0.566726466268301,0.7884162664413452,0.5806259293109178,13.270160055160522,4.768618106842041,5.0219577074050905,0.7884292006492615,0.5806189045310021,13.270171737670898,4.76870059967041,5.0221641778945925,0.6751269698143005,0.5081062596291304,20.474762439727783,6.300475120544434,6.829467248916626,-200.22154826521873,0.0,1.0823922157287598,0.7653668522834778,-465972.8137265891,-3363459.0860150754,-2897486.2722884864,-40.26584855429828,-59.542610278725626,-19.276761724427345,-9.496439642459155,-193.30663034319878,-183.8101907007396,2000,,-8.345314616337419,-57.217349430918695,-48.872034814581276
1,3,3,"[[0.7071067690849304, -0.7071067690849304], [0.7071067690849304, 0.7071067690849304]]","[[-1.0, -1.2246468525851679e-16], [1.2246468525851679e-16, -1.0]]",False,500,0.5419459447264672,-0.9338238835334778,-0.41540251635015013,13.843331003189087,-3.277106761932373,5.66713695526123,-0.9337716698646545,-0.41536423601210115,13.843342208862305,-3.276926040649414,5.667342567443848,-0.822111964225769,-0.3683109447360039,21.906322383880614,-4.572359085083008,7.707108187675476,-328.7723537057638,0.0,2.613126039505005,1.8477591276168823,-463928.2530969009,-5124779.423306882,-4660851.1702099815,-80.26877332627774,-128.0050561606884,-47.73628283441067,-8.933943864703178,-315.89717366993426,-306.9632298052311,2000,,-8.645408452674747,-108.80966653823853,-100.16425808556379
1,4,3,"[[0.7071067690849304, -0.7071067690849304], [0.7071067690849304, 0.7071067690849304]]","[[1.5, 0.0], [0.0, 0.6000000238418579]]",False,500,0.5521874137222766,0.6597630977630615,0.40965537503361704,11.797639942169189,2.8352370262145996,4.218131041526794,0.6596455574035645,0.40954440236091616,11.797652530670167,2.8347349166870117,4.218332159519195,0.6113020777702332,0.3809982992708683,18.030973958969117,4.026069164276123,5.739565777778625,-133.86181687861682,0.0,1.280683994293213,1.2358598709106445,-242455.88594852015,-2456585.4624524713,-2214129.576503951,-19.68547890931368,-79.18565736040473,-59.50017845109105,-9.887562314979732,-128.79895851910115,-118.91139620412142,0,0,-9.887562314979732,-44.714704509824514,-34.82714219484478
1,5,3,"[[0.7071067690849304, -0.7071067690849304], [0.7071067690849304, 0.7071067690849304]]","[[1.0, 0.75], [0.0, 1.0]]",False,500,0.5278617672622203,0.09949392825365067,0.14599077771272279,11.56245527267456,0.47899284958839417,4.455344021320343,0.09939857572317123,0.14593940225313418,11.562468433380127,0.47853443026542664,4.455548965930939,0.11330287903547287,0.14209121484309434,17.93929100036621,0.8491146564483643,6.057064485549927,-136.37023823857308,0.0,1.6717455387115479,1.4960448741912842,-838643.3141509071,-2363685.8734246343,-1525042.5592737272,-71.84179575741291,-33.162190495058894,38.679605262354016,-9.55224299095571,-145.13576648831366,-135.58352349735796,4000,1000,-9.55224299095571,-33.162190495058894,-23.609947504103182
1,6,3,"[[0.7071067690849304, -0.7071067690849304], [0.7071067690849304, 0.7071067690849304]]","[[-1.0, 0.0], [0.0, 1.0]]",False,500,0.4591140583157539,-0.8555182814598083,-0.32031322047114374,11.263418436050415,-1.9670451879501343,4.487349045276642,-0.8553851842880249,-0.3202702045440674,11.263431787490845,-1.9667414426803589,4.4875532746315,-0.776451587677002,-0.3018056880682707,17.644169282913207,-2.8006675243377686,6.1040006399154665,-290.08682861030104,0.0,2.0,2.0,-556041.2206027657,-5334321.330262721,-4778280.109659955,-80.93817140460014,-143.1334184706211,-62.19524706602097,-9.366942669451237,-294.37456351220607,-285.0076208427548,6000,,-9.366942669451237,-119.82518451213836,-110.45824184268713
1,7,3,"[[0.7071067690849304, -0.7071067690849304], [0.7071067690849304, 0.7071067690849304]]","[[0.9192387461662292, -0.4949747323989868], [0.9192387461662292, 0.4949747323989868]]",False,500,0.5444559276103973,0.9577456712722778,0.608886006474495,12.881577682495116,4.312633037567139,4.764615368843079,0.9578900337219238,0.6089961729943753,12.88158974647522,4.313286781311035,4.7648241996765135,0.7917071580886841,0.49063474386930467,19.766562080383302,5.47206974029541,6.475614380836487,-162.14380601197482,0.0,0.42426401376724243,0.30000001192092896,-380462.6676863991,-2468930.4893821944,-2088467.8216957953,-65.66110553592443,-83.16536634042859,-17.504260804504156,-11.70968734268099,-144.15435864850878,-132.4446713058278,3000,,-8.00200465582311,-54.34225335419178,-46.34024869836867
2,0,3,"[[6.123234262925839e-17, -1.0], [1.0, 6.123234262925839e-17]]","[[1.0, 0.0], [0.0, 1.0]]",False,500,0.5640871062874794,-0.27511823177337646,-0.09114938899874687,13.928163385391235,-1.3318955898284912,7.514797258377075,-0.2752127945423126,-0.09126250967383384,13.928187656402589,-1.3323556184768677,7.515240216255188,-0.14313766360282898,-0.030085991974920033,27.21411352157593,-1.3615057468414307,10.225210213661194,-97.14145627617836,0.0,2.0,1.4142135381698608,-437091.0715745762,-1696448.662547022,-1259357.590972446,-38.52320045977831,-73.87517046779394,-35.35197000801563,-11.923660661652685,-74.99454537779093,-63.070884716138245,1000,,-10.517919390648604,-57.00107781291008,-46.48315842226148
2,1,3,"[[6.123234262925839e-17, -1.0], [1.0, 6.123234262925839e-17]]","[[0.7071067690849304, -0.7071067690849304], [0.7071067690849304, 0.7071067690849304]]",False,500,0.5742250859737397,0.8249457478523254,0.5903029283508658,13.316317939758301,4.821948051452637,6.547958564758301,0.8248952627182007,0.5902221579104662,13.316342401504517,4.821661949157715,6.548394966125488,0.6011194586753845,0.43417747858911754,24.960598468780518,6.604115962982178,8.907959461212158,-25.264860194921493,0.0,1.0823922157287598,0.7653668522834778,-420117.5733808428,-944707.8220663592,-524590.2486855164,-21.914355382323265,-65.84122318401933,-43.92686780169606,-9.499301076307892,-29.736557402461766,-20.237256326153876,0,0,-7.7853265684098005,-11.259989183023572,-3.474662614613772
2,2,3,"[[6.123234262925839e-17, -1.0], [1.0, 6.123234262925839e-17]]","[[6.123234262925839e-17, -1.0], [1.0, 6.123234262925839e-17]]",True,500,0.566726466268301,0.973499596118927,0.7477670550346375,14.118242549896241,6.242981910705566,6.810412073135376,0.97357577085495,0.7477943688631058,14.118265438079835,6.243480682373047,6.810849189758301,0.7293472290039062,0.5628590025007725,26.10600337982178,8.677077293395996,9.261922669410705,-4.600674135517329,1.0,0.0,0.0,-465972.8137265891,-294830.18113188446,171142.63259470463,-40.26584855429828,-43.38812686316669,-3.1222783088684096,-9.496439642459155,-6.111772182956338,3.3846674595028166,2000,2000,-8.345314616337419,-6.092331642284989,2.252982974052429
2,3,3,"[[6.123234262925839e-17, -1.0], [1.0, 6.123234262925839e-17]]","[[-1.0, -1.2246468525851679e-16], [1.2246468525851679e-16, -1.0]]",False,500,0.5419459447264672,-0.4053165316581726,-0.1912120971828699,17.804620599746706,-1.8268089294433594,10.540954065322875,-0.40525999665260315,-0.19116552472114562,17.804638624191284,-1.8265560865402222,10.54139084815979,-0.29984575510025024,-0.1654977325350046,35.83357334136963,-2.735285997390747,14.336407136917114,-112.56394786536694,0.0,2.0,1.4142135381698608,-463928.2530969009,-2268801.9318776205,-1804873.6787807196,-80.26877332627774,-105.97039694488049,-25.701623618602753,-8.933943864703178,-64.11567266136407,-55.18172879666089,2000,,-8.645408452674747,-64.11567266136407,-55.47026420868933
2,4,3,"[[6.123234262925839e-17, -1.0], [1.0, 6.123234262925839e-17]]","[[1.5, 0.0], [0.0, 0.6000000238418579]]",False,500,0.5521874137222766,0.03528225049376488,0.007649851590394973,12.628399991989136,0.1606307029724121,7.967175364494324,0.03515373542904854,0.007457052194513381,12.628427386283875,0.16004593670368195,7.967603087425232,0.08674416691064835,0.06939332515466959,27.370233249664306,0.8696966171264648,10.838883113861083,-80.85302076935768,0.0,2.1470911502838135,1.899999976158142,-242455.88594852015,-1178186.1626213416,-935730.2766728215,-19.68547890931368,-77.52708447575569,-57.841605566442006,-9.887562314979732,-22.475753010436893,-12.588190695457161,0,0,-9.887562314979732,-20.22710143812001,-10.339539123140277
2,5,3,"[[6.123234262925839e-17, -1.0], [1.0, 6.123234262925839e-17]]","[[1.0, 0.75], [0.0, 1.0]]",False,500,0.5278617672622203,-0.6426314115524292,-0.4772107541561127,16.04818868637085,-4.299545764923096,10.009959602355957,-0.6427240967750549,-0.4772766176611185,16.04820966720581,-4.300171852111816,10.010400891304016,-0.3622643053531647,-0.2815728772431612,34.197042560577394,-5.21690034866333,13.621311473846436,-163.6474780410528,0.0,2.462214469909668,2.075183868408203,-838643.3141509071,-2648197.0206215978,-1809553.7064706907,-71.84179575741291,-62.33016402572393,9.51163173168898,-9.55224299095571,-137.31778262257575,-127.76553963162004,4000,,-9.55224299095571,-62.33016402572393,-52.77792103476822
2,6,3,"[[6.123234262925839e-17, -1.0], [1.0, 6.123234262925839e-17]]","[[-1.0, 0.0], [0.0, 1.0]]",False,500,0.4591140583157539,-0.32676929235458374,-0.1147184095112607,18.346261405944823,-1.2234268188476562,12.045339822769165,-0.3266642689704895,-0.11466414413880557,18.346278858184814,-1.2230347394943237,12.045773124694824,-0.26455724239349365,-0.08939521666616201,40.41637344360352,-2.2017862796783447,16.38251304626465,-327.7284896224737,0.0,2.0,2.0,-556041.2206027657,-5534373.707635701,-4978332.487032935,-80.93817140460014,-120.48931304812432,-39.551141643524176,-9.366942669451237,-327.72003673017025,-318.353094060719,6000,,-9.366942669451237,-119.82518451213836,-110.45824184268713
2,7,3,"[[6.123234262925839e-17, -1.0], [1.0, 6.123234262925839e-17]]","[[0.9192387461662292, -0.4949747323989868], [0.9192387461662292, 0.4949747323989868]]",False,500,0.5444559276103973,0.5427554845809937,0.40048606470227244,13.40728826522827,2.5336191654205322,6.86334912776947,0.5429909229278564,0.40069091469049456,13.407313346862793,2.5347230434417725,6.863797903060913,0.33807244896888733,0.2444185582920909,25.359371757507326,2.9987049102783203,9.337287402153015,-24.959125188738106,0.0,1.162571668624878,1.0653667449951172,-380462.6676863991,-663818.9354367554,-283356.26775035635,-65.66110553592443,-52.028279434144494,13.63282610177994,-11.70968734268099,-8.459736043959856,3.2499512987211343,3000,2000,-8.00200465582311,-8.459736043959856,-0.45773138813674485
3,0,3,"[[-1.0, -1.2246468525851679e-16], [1.2246468525851679e-16, -1.0]]","[[1.0, 0.0], [0.0, 1.0]]",False,500,0.5640871062874794,-0.9584727883338928,-0.6061284862458706,13.031041145324707,-4.313117027282715,7.256260323524475,-0.9585680365562439,-0.6062410021200776,13.031070041656495,-4.313555717468262,7.256762051582337,-0.6562116742134094,-0.41571853464702146,25.220264148712157,-5.759393692016602,9.858454251289368,-324.06669183671477,0.0,2.8284270763397217,2.0,-437091.0715745762,-5127459.696519375,-4690368.624944799,-38.52320045977831,-82.34769008159637,-43.82448962181806,-11.923660661652685,-325.12960465550424,-313.2059439938516,1000,,-10.517919390648604,-57.00107781291008,-46.48315842226148
3,1,3,"[[-1.0, -1.2246468525851679e-16], [1.2246468525851679e-16, -1.0]]","[[0.7071067690849304, -0.7071067690849304], [0.7071067690849304, 0.7071067690849304]]",False,500,0.5742250859737397,-0.5950284600257874,-0.4552044037729502,12.550900888442992,-3.2644598484039307,6.309392714500428,-0.5950865745544434,-0.45529662873595955,12.550930309295655,-3.2647862434387207,6.309885835647583,-0.4105696678161621,-0.3074912635915098,23.41199674606323,-4.220419883728027,8.579455280303955,-215.94860925376415,0.0,2.613126039505005,1.8477591276168823,-420117.5733808428,-3298041.870431043,-2877924.2970502004,-21.914355382323265,-56.74183956384659,-34.827484181523324,-9.499301076307892,-169.50747738480567,-160.00817630849778,0,0,-7.7853265684098005,-36.86402852125466,-29.07870195284486
3,2,3,"[[-1.0, -1.2246468525851679e-16], [1.2246468525851679e-16, -1.0]]","[[6.123234262925839e-17, -1.0], [1.0, 6.123234262925839e-17]]",False,500,0.566726466268301,-0.31524422764778137,-0.20840794853866101,13.220627784729004,-1.8830013275146484,6.278022122383118,-0.31513604521751404,-0.20836432762444018,13.220655488967896,-1.8823590278625488,6.278515958786011,-0.29115748405456543,-0.17907056304393337,23.84605951309204,-3.150393486022949,8.538376331329346,-97.1997184574604,0.0,2.0,1.4142135381698608,-465972.8137265891,-1359840.8599780872,-893868.0462514982,-40.26584855429828,-52.6007268242538,-12.334878269955517,-9.496439642459155,-50.24082540236414,-40.744385759904986,2000,12000,-8.345314616337419,-8.72538286857307,-0.38006825223565066
3,3,3,"[[-1.0, -1.2246468525851679e-16], [1.2246468525851679e-16, -1.0]]","[[-1.0, -1.2246468525851679e-16], [1.2246468525851679e-16, -1.0]]",True,500,0.5419459447264672,0.9495688676834106,0.44260069564916193,16.82837677001953,4.026283264160156,9.75261607170105,0.9496282339096069,0.4426511339843273,16.828398323059083,4.026540279388428,9.75310959815979,0.6602194309234619,0.3081096075475216,31.859322261810302,5.319597244262695,13.262408351898193,-4.653066249936819,1.0,0.0,0.0,-463928.2530969009,-623960.1668702438,-160031.91377334297,-80.26877332627774,-73.81555071771145,6.453222608566293,-8.933943864703178,-6.824659945443273,2.109283919259905,2000,5000,-8.645408452674747,-6.824659945443273,1.8207485072314746
3,4,3,"[[-1.0, -1.2246468525851679e-16], [1.2246468525851679e-16, -1.0]]","[[1.5, 0.0], [0.0, 0.6000000238418579]]",False,500,0.5521874137222766,-0.9936355352401733,-0.6470815233304166,11.804853296279907,-4.20228385925293,7.294400548934936,-0.9937633275985718,-0.6472708268789574,11.804885697364806,-4.202836036682129,7.294884037971497,-0.619532585144043,-0.4142451360821724,24.92804088592529,-5.640732288360596,9.92713725566864,-319.65061160326,0.0,2.9681644439697266,2.5,-242455.88594852015,-5352183.572382852,-5109727.686434332,-19.68547890931368,-64.02496823370457,-44.33948932439089,-9.887562314979732,-330.8485323250294,-320.96097001004966,0,0,-9.887562314979732,-44.714704509824514,-34.82714219484478
3,5,3,"[[-1.0, -1.2246468525851679e-16], [1.2246468525851679e-16, -1.0]]","[[1.0, 0.75], [0.0, 1.0]]",False,500,0.5278617672622203,-0.7451894283294678,-0.6464648716151714,14.486713123321532,-4.478360176086426,8.982421636581421,-0.7452932000160217,-0.6465362146496773,14.486739206314088,-4.478991508483887,8.982921814918518,-0.4559401869773865,-0.4156513221561909,30.22060594558716,-5.785571098327637,12.203714418411256,-314.9883730888367,0.0,2.9261748790740967,2.4098525047302246,-838643.3141509071,-5270707.869242132,-4432064.555091225,-71.84179575741291,-108.27618676424026,-36.434391006827354,-9.55224299095571,-292.0204836457968,-282.46824065484105,4000,,-9.55224299095571,-71.36656789183617,-61.81432490088046
3,6,3,"[[-1.0, -1.2246468525851679e-16], [1.2246468525851679e-16, -1.0]]","[[-1.0, 0.0], [0.0, 1.0]]",False,500,0.4591140583157539,0.8924202919006348,0.3192534111440182,16.365473365783693,2.9728381633758545,10.589802145957947,0.8925350904464722,0.3193166356533766,16.365495443344116,2.9732248783111572,10.59029130935669,0.5344248414039612,0.18214814756065606,35.245958137512204,3.8721580505371094,14.406281805038452,-156.01042211800814,0.1,2.0,2.0,-556041.2206027657,-3418230.7122066617,-2862189.491603896,-80.93817140460014,-73.76663546264172,7.171535941958425,-9.366942669451237,-192.8930837392807,-183.52614106982946,6000,,-9.366942669451237,-73.76663546264172,-64.39969279319048
3,7,3,"[[-1.0, -1.2246468525851679e-16], [1.2246468525851679e-16, -1.0]]","[[0.9192387461662292, -0.4949747323989868], [0.9192387461662292, 0.4949747323989868]]",False,500,0.5444559276103973,-0.8659996390342712,-0.5189290331676603,12.791435384750367,-3.8368935585021973,6.547305524349213,-0.8657288551330566,-0.5187024064362049,12.791465139389038,-3.835702657699585,6.547813665866852,-0.7051440477371216,-0.431063645798713,23.769105625152587,-5.838424205780029,8.891318559646606,-320.9628480255604,0.0,2.647343397140503,2.147758960723877,-380462.6676863991,-4913908.315435424,-4533445.647749025,-65.66110553592443,-58.21198117174208,7.449124364182353,-11.70968734268099,-315.0044987171888,-303.29481137450784,3000,,-8.00200465582311,-54.34225335419178,-46.34024869836867
4,0,3,"[[1.5, 0.0], [0.0, 0.6000000238418579]]","[[1.0, 0.0], [0.0, 1.0]]",False,500,0.5640871062874794,0.970294177532196,0.6026698665693402,14.448442745208741,4.857806205749512,9.70259461402893,0.9701487421989441,0.6024856563657522,14.44850296974182,4.85709810256958,9.703723597526551,0.6171482801437378,0.3853132361546159,31.194851779937743,6.725836753845215,13.183074235916138,-4.591939652524888,1.0,0.6403123736381531,0.5,-437091.0715745762,-427802.8854837641,9288.186090812087,-38.52320045977831,-27.023883563652635,11.499316896125674,-11.923660661652685,-6.574692836031318,5.348967825621367,1000,1000,-10.517919390648604,-6.574692836031318,3.9432265546172864
4,1,3,"[[1.5, 0.0], [0.0, 0.6000000238418579]]","[[0.7071067690849304, -0.7071067690849304], [0.7071067690849304, 0.7071067690849304]]",False,500,0.5742250859737397,0.4923124611377716,0.37982390118413606,14.175120067596435,3.056964159011841,8.663322687149048,0.492234468460083,0.37969565700914243,14.1751793384552,3.056492567062378,8.664439964294434,0.34529781341552734,0.2838348194491118,29.327181148529053,4.455298900604248,11.781498146057128,-13.706299543380737,0.55,1.280683994293213,1.2358598709106445,-420117.5733808428,-599122.0392789692,-179004.46589812636,-21.914355382323265,-19.509378538653255,2.40497684367001,-9.499301076307892,-25.700176563113928,-16.200875486806034,0,0,-7.7853265684098005,-7.080377359315753,0.7049492090940479
4,2,3,"[[1.5, 0.0], [0.0, 0.6000000238418579]]","[[6.123234262925839e-17, -1.0], [1.0, 6.123234262925839e-17]]",False,500,0.566726466268301,0.17732153832912445,0.10578092020004988,15.359382152557373,1.2339541912078857,8.847429466247558,0.17744573950767517,0.10583048462867736,15.359435892105102,1.2348229885101318,8.84854781627655,0.05669008567929268,0.04109194651246071,30.969715118408203,0.7996277809143066,12.034066915512085,-130.788473790884,0.0,2.1470911502838135,1.899999976158142,-465972.8137265891,-2393592.1938329935,-1927619.3801064044,-40.26584855429828,-68.79894208610058,-28.5330935318023,-9.496439642459155,-42.63985157646239,-33.14341193400324,2000,13000,-8.345314616337419,-13.46115714032203,-5.115842523984611
4,3,3,"[[1.5, 0.0], [0.0, 0.6000000238418579]]","[[-1.0, -1.2246468525851679e-16], [1.2246468525851679e-16, -1.0]]",False,500,0.5419459447264672,-0.8770386576652527,-0.3999575014226139,20.13870620727539,-4.465536117553711,14.07164125442505,-0.8769586086273193,-0.39989016237668695,20.13874750137329,-4.465137958526611,14.072759580612182,-0.5492538213729858,-0.2548234911635518,44.8788875579834,-6.2776384353637695,19.136415815353395,-330.7306589156389,0.0,2.9681644439697266,2.5,-463928.2530969009,-5630755.4864525795,-5166827.233355679,-80.26877332627774,-125.5284199744463,-45.259646648168555,-8.933943864703178,-329.34253425598143,-320.40859039127827,2000,,-8.645408452674747,-108.80966653823853,-100.16425808556379
4,4,3,"[[1.5, 0.0], [0.0, 0.6000000238418579]]","[[1.5, 0.0], [0.0, 0.6000000238418579]]",True,500,0.5521874137222766,0.9819499850273132,0.6447188030928374,13.120301389694214,4.585230350494385,10.507345294952392,0.9817529916763306,0.6443996839225292,13.120370793342591,4.584333896636963,10.508448624610901,0.5279350876808167,0.35828109830617905,32.858880615234376,6.347490310668945,14.300867748260497,-2.8961611072765665,1.0,0.0,0.0,-242455.88594852015,-210428.05955447257,32027.826394047588,-19.68547890931368,-18.303280597925188,1.3821983113884926,-9.887562314979732,-5.557187689468265,4.3303746255114675,0,0,-9.887562314979732,-5.557187689468265,4.3303746255114675
4,5,3,"[[1.5, 0.0], [0.0, 0.6000000238418579]]","[[1.0, 0.75], [0.0, 1.0]]",False,500,0.5278617672622203,0.7847275733947754,0.6724754076451063,17.11441764831543,5.587888717651367,12.981454420089722,0.7845871448516846,0.6723703578114509,17.114467811584472,5.586905479431152,12.98258035182953,0.46866288781166077,0.40735879708081485,40.61266622543335,8.019775390625,17.63784008026123,-4.4209105668589475,1.0,0.9861541390419006,0.9640873670578003,-838643.3141509071,-419157.7249187976,419485.5892321095,-71.84179575741291,-66.30173843875528,5.540057318657631,-9.55224299095571,-6.26791539080441,3.2843276001513004,4000,3000,-9.55224299095571,-6.26791539080441,3.2843276001513004
4,6,3,"[[1.5, 0.0], [0.0, 0.6000000238418579]]","[[-1.0, 0.0], [0.0, 1.0]]",False,500,0.4591140583157539,-0.8696748614311218,-0.32001510448753834,20.108672428131104,-3.565213203430176,15.96277904510498,-0.8695241808891296,-0.31993426866829394,20.10871343612671,-3.564602851867676,15.963890886306762,-0.4994288384914398,-0.197680782712996,49.61339569091797,-5.105965614318848,21.716703939437867,-283.7712062954903,0.0,2.5317976474761963,2.5,-556041.2206027657,-4977422.983987629,-4421381.763384864,-80.93817140460014,-127.16999035179614,-46.231818947196004,-9.366942669451237,-279.7446775466204,-270.37773487716913,6000,,-9.366942669451237,-119.82518451213836,-110.45824184268713
4,7,3,"[[1.5, 0.0], [0.0, 0.6000000238418579]]","[[0.9192387461662292, -0.4949747323989868], [0.9192387461662292, 0.4949747323989868]]",False,500,0.5444559276103973,0.8014366626739502,0.46698139496147634,14.276591062545776,3.9720041751861572,8.832847857475281,0.8017902970314026,0.46729424726217983,14.276651096343993,3.973773241043091,8.833986186981202,0.43965673446655273,0.23919239146634935,29.52556095123291,4.538376808166504,11.995847964286805,-19.83582830391824,0.0,1.1992971897125244,1.104577898979187,-380462.6676863991,-888772.2620919347,-508309.5944055356,-65.66110553592443,-85.4668842703104,-19.805778734385967,-11.70968734268099,-32.828775592893365,-21.119088250212375,3000,5000,-8.00200465582311,-13.053105302900075,-5.051100647076964
5,0,3,"[[1.0, 0.75], [0.0, 1.0]]","[[1.0, 0.0], [0.0, 1.0]]",False,500,0.5640871062874794,0.9273943901062012,0.5284807853400707,12.172833228111267,3.892685890197754,7.215569150447846,0.9272609949111938,0.5283067207783461,12.172871446609497,3.8921380043029785,7.21616450548172,0.7342450618743896,0.42474697083234786,21.770663118362428,5.523287296295166,9.80951132774353,-10.166000564768911,0.75,0.75,0.75,-437091.0715745762,-718040.0219449773,-280948.95037040114,-38.52320045977831,-49.05080474093556,-10.527604281157252,-11.923660661652685,-19.111376432701945,-7.187715771049261,1000,3000,-10.517919390648604,-8.054934679716826,2.462984710931778
5,1,3,"[[1.0, 0.75], [0.0, 1.0]]","[[0.7071067690849304, -0.7071067690849304], [0.7071067690849304, 0.7071067690849304]]",False,500,0.5742250859737397,0.03337865322828293,0.05122289154678583,11.815844583511353,0.17201107740402222,6.364345502853394,0.033315613865852356,0.05111329080536962,11.815881967544556,0.17168676853179932,6.364933562278748,0.04379023239016533,0.07158748432993889,20.469491291046143,0.3915835916996002,8.65585675239563,-74.95413168892264,0.0,1.6717455387115479,1.4960448741912842,-420117.5733808428,-1165934.8529554904,-745817.2795746475,-21.914355382323265,-59.19398554526269,-37.279630162939426,-9.499301076307892,-41.62893098220229,-32.1296299058944,0,0,-7.7853265684098005,-12.026574526540935,-4.241247958131135
5,2,3,"[[1.0, 0.75], [0.0, 1.0]]","[[6.123234262925839e-17, -1.0], [1.0, 6.123234262925839e-17]]",False,500,0.566726466268301,-0.23213861882686615,-0.2129662213847041,12.799756383895874,-1.3324910402297974,6.564993953704834,-0.23204296827316284,-0.21293288934975863,12.799790525436402,-1.3319456577301025,6.565583229064941,-0.22515398263931274,-0.1873618558049202,22.40786466598511,-2.2753562927246094,8.928824186325073,-292.62395786643026,0.0,2.462214469909668,2.075183868408203,-465972.8137265891,-3500999.2179982364,-3035026.4042716473,-40.26584855429828,-71.31320032179356,-31.04735176749528,-9.496439642459155,-193.91295620650052,-184.41651656404136,2000,,-8.345314616337419,-57.217349430918695,-48.872034814581276
5,3,3,"[[1.0, 0.75], [0.0, 1.0]]","[[-1.0, -1.2246468525851679e-16], [1.2246468525851679e-16, -1.0]]",False,500,0.5419459447264672,-0.6326959133148193,-0.2980152296833694,17.205881547927856,-2.7415246963500977,10.929743027687072,-0.6326265931129456,-0.2979561517946422,17.20590720176697,-2.7412285804748535,10.930332374572753,-0.44531169533729553,-0.21575294993817806,34.501913928985594,-3.898036241531372,14.863171577453613,-334.45924845039843,0.0,2.9261748790740967,2.4098525047302246,-463928.2530969009,-5502969.538454711,-5039041.285357811,-80.26877332627774,-121.4415975779295,-41.17282425165176,-8.933943864703178,-328.470491579175,-319.53654771447185,2000,,-8.645408452674747,-108.80966653823853,-100.16425808556379
5,4,3,"[[1.0, 0.75], [0.0, 1.0]]","[[1.5, 0.0], [0.0, 0.6000000238418579]]",False,500,0.5521874137222766,0.8017232418060303,0.5397409740835428,10.993188834190368,3.1158337593078613,7.816979193687439,0.8015404939651489,0.5394507996737957,10.993232822418213,3.115135908126831,7.817557525634766,0.5793237686157227,0.4111455025151372,21.607641172409057,4.5195536613464355,10.637252449989319,-21.79021736755967,0.05,0.9861541390419006,0.9640873670578003,-242455.88594852015,-326948.2240281999,-84492.33807967976,-19.68547890931368,-18.77497671917081,0.9105021901428714,-9.887562314979732,-6.094513792917132,3.7930485220626,0,0,-9.887562314979732,-6.094513792917132,3.7930485220626
5,5,3,"[[1.0, 0.75], [0.0, 1.0]]","[[1.0, 0.75], [0.0, 1.0]]",True,500,0.5278617672622203,0.9834429025650024,0.8120712697505951,14.430817079544067,5.8611297607421875,9.799916291236878,0.9833171367645264,0.8119777962565422,14.430848503112793,5.860393524169922,9.800510144233703,0.7332236766815186,0.609273087978363,27.55583839416504,8.405080795288086,13.322707366943359,-3.967804509215057,1.0,0.0,0.0,-838643.3141509071,-618653.0884899199,219990.2256609872,-71.84179575741291,-72.72331545576453,-0.8815196983516245,-9.55224299095571,-14.58183700069785,-5.029594009742141,4000,3000,-9.55224299095571,-6.67077126391232,2.8814717270433903
5,6,3,"[[1.0, 0.75], [0.0, 1.0]]","[[-1.0, 0.0], [0.0, 1.0]]",False,500,0.4591140583157539,-0.5538188219070435,-0.19958170577883722,17.084501886367796,-1.92144775390625,12.048285913467407,-0.5536845922470093,-0.1995107874274254,17.08452696800232,-1.9209848642349243,12.048870611190797,-0.430791974067688,-0.14904769663698972,33.42034311294556,-2.933844566345215,16.389184713363647,-333.2289734750986,0.0,2.136000871658325,2.136000871658325,-556041.2206027657,-5316772.199465334,-4760730.978862569,-80.93817140460014,-114.89108736813068,-33.95291596353054,-9.366942669451237,-326.1222374945879,-316.7552948251367,6000,,-9.366942669451237,-114.89108736813068,-105.52414469867945
5,7,3,"[[1.0, 0.75], [0.0, 1.0]]","[[0.9192387461662292, -0.4949747323989868], [0.9192387461662292, 0.4949747323989868]]",False,500,0.5444559276103973,0.4863995313644409,0.2353422774001956,11.9719633102417,1.9910612106323242,6.736470365524292,0.4867080748081207,0.23560708276927472,11.972000885009766,1.9923310279846191,6.73707230091095,0.2904137372970581,0.12190094171091914,21.157745361328125,2.1175081729888916,9.153610920906067,-67.20887823402882,1.0,1.6298879384994507,1.3884881734848022,-380462.6676863991,-1716002.3076105863,-1335539.6399241872,-65.66110553592443,-88.49357613176107,-22.83247059583664,-11.70968734268099,-52.69402884393931,-40.984341501258314,3000,7000,-8.00200465582311,-11.677903538011014,-3.6758988821879033
6,0,3,"[[-1.0, 0.0], [0.0, 1.0]]","[[1.0, 0.0], [0.0, 1.0]]",False,500,0.5640871062874794,-0.6940644383430481,-0.3820405201142421,11.70279598236084,-2.806025981903076,5.595758008956909,-0.6942064166069031,-0.38220595964230597,11.702826595306396,-2.806607246398926,5.596233355998993,-0.5170226693153381,-0.2775466599501669,20.72771472930908,-3.7196450233459473,7.603350830078125,-281.26662619411945,0.0,2.0,2.0,-437091.0715745762,-4979922.852622718,-4542831.781048141,-38.52320045977831,-80.86792893484235,-42.344728475064045,-11.923660661652685,-279.86971520483496,-267.9460545431823,1000,,-10.517919390648604,-57.00107781291008,-46.48315842226148
6,1,3,"[[-1.0, 0.0], [0.0, 1.0]]","[[0.7071067690849304, -0.7071067690849304], [0.7071067690849304, 0.7071067690849304]]",False,500,0.5742250859737397,-0.7928594350814819,-0.5479286873713136,11.226622772216796,-3.8907175064086914,4.906956541538238,-0.7929000854492188,-0.5480032341554761,11.226654243469238,-3.890927791595459,4.907429170608521,-0.6022458672523499,-0.4059367704903707,19.416493940353394,-5.127067565917969,6.672828102111817,-296.4074426412582,0.0,2.0,2.0,-420117.5733808428,-4957811.876177229,-4537694.302796386,-21.914355382323265,-53.56499929279089,-31.650643910467622,-9.499301076307892,-292.3943205654621,-282.8950194891542,0,0,-7.7853265684098005,-36.86402852125466,-29.07870195284486
6,2,3,"[[-1.0, 0.0], [0.0, 1.0]]","[[6.123234262925839e-17, -1.0], [1.0, 6.123234262925839e-17]]",False,500,0.566726466268301,-0.10961196571588516,-0.07090219892561436,11.45247540473938,-0.5659602880477905,4.856720328330994,-0.1095798909664154,-0.07090708240866661,11.45250587463379,-0.5657961964607239,4.857195901870727,-0.1373339295387268,-0.07612004998372868,19.75907220840454,-1.2300503253936768,6.60560450553894,-329.89585563242434,0.0,2.0,2.0,-465972.8137265891,-5143433.83403644,-4677461.020309851,-40.26584855429828,-47.27895689681172,-7.013108342513441,-9.496439642459155,-329.3040196955204,-319.80758005306126,2000,,-8.345314616337419,-47.27895689681172,-38.9336422804743
6,3,3,"[[-1.0, 0.0], [0.0, 1.0]]","[[-1.0, -1.2246468525851679e-16], [1.2246468525851679e-16, -1.0]]",False,500,0.5419459447264672,0.566552460193634,0.17512580463662744,14.495378971099854,2.06643009185791,7.700393080711365,0.5666269659996033,0.17518657278269528,14.495403146743774,2.0667052268981934,7.700867557525635,0.39590391516685486,0.10711501203477383,26.84796667098999,2.6911864280700684,10.471752572059632,-172.0805228561163,0.0,2.0,2.0,-463928.2530969009,-2669056.6042348742,-2205128.3511379734,-80.26877332627774,-77.2817928224802,2.9869805037975397,-8.933943864703178,-197.18329368829728,-188.24934982359412,2000,,-8.645408452674747,-48.85793777704239,-40.21252932436764
6,4,3,"[[-1.0, 0.0], [0.0, 1.0]]","[[1.5, 0.0], [0.0, 0.6000000238418579]]",False,500,0.5521874137222766,-0.9537215232849121,-0.5905134735628963,10.472010445594787,-3.5820183753967285,5.640505456924439,-0.9539193511009216,-0.590770310908556,10.472045946121217,-3.582773208618164,5.640972697734833,-0.6502436995506287,-0.40762555580586196,20.285479927062987,-4.8055620193481445,7.6765052318573,-287.94770954847337,0.0,2.5317976474761963,2.5,-242455.88594852015,-5053069.70801875,-4810613.82207023,-19.68547890931368,-42.306547335907815,-22.621068426594135,-9.887562314979732,-286.02075669169426,-276.1331943767145,0,0,-9.887562314979732,-42.306547335907815,-32.41898502092808
6,5,3,"[[-1.0, 0.0], [0.0, 1.0]]","[[1.0, 0.75], [0.0, 1.0]]",False,500,0.5278617672622203,-0.5849398374557495,-0.4751588240265846,12.829767942428589,-3.108344554901123,6.968552732467652,-0.5850695967674255,-0.475249157845974,12.829795932769775,-3.109041213989258,6.969026684761047,-0.388470858335495,-0.3268546053906903,24.4956805229187,-3.9816644191741943,9.46847643852234,-280.10850122272967,0.0,2.136000871658325,2.136000871658325,-838643.3141509071,-4974587.573722005,-4135944.259571098,-71.84179575741291,-106.51800233125687,-34.676206573843956,-9.55224299095571,-278.35819376111033,-268.8059507701546,4000,,-9.55224299095571,-71.36656789183617,-61.81432490088046
6,6,3,"[[-1.0, 0.0], [0.0, 1.0]]","[[-1.0, 0.0], [0.0, 1.0]]",True,500,0.4591140583157539,0.9651669263839722,0.420026885997504,14.493038654327393,2.8437891006469727,8.2350989818573,0.9653213024139404,0.420096151495818,14.493062734603882,2.8442487716674805,8.235571360588073,0.6372039318084717,0.2736543010920286,28.505511951446532,3.7268927097320557,11.203130197525024,-4.761498911865056,1.0,0.0,0.0,-556041.2206027657,-439912.41190154105,116128.80870122463,-80.93817140460014,-73.85601552724839,7.082155877351752,-9.366942669451237,-6.905911521241069,2.4610311482101688,6000,4000,-9.366942669451237,-6.905911521241069,2.4610311482101688
6,7,3,"[[-1.0, 0.0], [0.0, 1.0]]","[[0.9192387461662292, -0.4949747323989868], [0.9192387461662292, 0.4949747323989868]]",False,500,0.5444559276103973,-0.7768123149871826,-0.4276753830956295,11.141210269927978,-2.9904041290283203,5.107270741462708,-0.7765487432479858,-0.42744455558713523,11.141242456436157,-2.98939847946167,5.107750809192657,-0.6681323051452637,-0.3813855119049549,19.569014978408813,-4.545901298522949,6.936258745193482,-330.5766027480364,0.0,2.2424380779266357,2.2305543422698975,-380462.6676863991,-5472775.85908547,-5092313.191399071,-65.66110553592443,-49.3112250380218,16.34988049790263,-11.70968734268099,-328.1024477481842,-316.3927604055032,3000,1000,-8.00200465582311,-49.3112250380218,-41.30922038219869
7,0,3,"[[0.9192387461662292, -0.4949747323989868], [0.9192387461662292, 0.4949747323989868]]","[[1.0, 0.0], [0.0, 1.0]]",False,500,0.5640871062874794,0.44219696521759033,0.344737046957016,11.45028214454651,1.750711441040039,5.706096374988556,0.4420691728591919,0.34457907974720003,11.450319457054139,1.7502111196517944,5.706650674343109,0.3852858543395996,0.30247332113794984,19.181938648223877,2.556640148162842,7.7574663162231445,-25.925031735748053,0.0,1.162571668624878,1.0653667449951172,-437091.0715745762,-936579.6759251505,-499488.6043505743,-38.52320045977831,-66.20743516609073,-27.684234706312424,-11.923660661652685,-26.330502156168222,-14.406841494515538,1000,5000,-10.517919390648604,-24.999153341725467,-14.481233951076863
7,1,3,"[[0.9192387461662292, -0.4949747323989868], [0.9192387461662292, 0.4949747323989868]]","[[0.7071067690849304, -0.7071067690849304], [0.7071067690849304, 0.7071067690849304]]",False,500,0.5742250859737397,0.9908671379089355,0.7282417045680631,11.410109519958496,4.9431986808776855,5.143520796298981,0.99079829454422,0.7281303035782912,11.41014542579651,4.942871570587158,5.14406703710556,0.8481313586235046,0.6284157430753112,18.433804178237914,6.832901954650879,6.996100616455078,-7.105577868595719,0.8,0.42426401376724243,0.30000001192092896,-420117.5733808428,-445096.2633954361,-24978.690014593303,-21.914355382323265,-23.68249330818653,-1.7681379258632646,-9.499301076307892,-6.065324708819389,3.433976367488503,0,0,-7.7853265684098005,-6.065324708819389,1.7200018595904112
7,2,3,"[[0.9192387461662292, -0.4949747323989868], [0.9192387461662292, 0.4949747323989868]]","[[6.123234262925839e-17, -1.0], [1.0, 6.123234262925839e-17]]",False,500,0.566726466268301,0.8895612359046936,0.6622114051133394,13.39297275543213,5.389548301696777,5.946114945411682,0.8896572589874268,0.6622489470988512,13.393002939224242,5.390142440795898,5.946662282943725,0.7337945103645325,0.5561420779675246,21.77346878051758,7.221626281738281,8.087047886848449,-28.140799609571694,0.0,1.162571668624878,1.0653667449951172,-465972.8137265891,-864038.6470267549,-398065.83330016583,-40.26584855429828,-53.27818414196372,-13.01233558766544,-9.496439642459155,-23.375295938551425,-13.87885629609227,2000,4000,-8.345314616337419,-11.391115064173936,-3.045800447836518
7,3,3,"[[0.9192387461662292, -0.4949747323989868], [0.9192387461662292, 0.4949747323989868]]","[[-1.0, -1.2246468525851679e-16], [1.2246468525851679e-16, -1.0]]",False,500,0.5419459447264672,-0.8768516182899475,-0.406188292009756,18.082172775268553,-4.00889253616333,10.29031400680542,-0.8767893314361572,-0.4061356146354228,18.08219509124756,-4.008612632751465,10.290861010551453,-0.6781535148620605,-0.31685295291244986,33.03386936187744,-5.676133632659912,13.995315408706665,-333.8153370887041,0.0,2.647343397140503,2.147758960723877,-463928.2530969009,-3716745.534965396,-3252817.281868495,-80.26877332627774,-122.93697620928288,-42.66820288300514,-8.933943864703178,-202.99306778311728,-194.05912391841412,2000,,-8.645408452674747,-108.80966653823853,-100.16425808556379
7,4,3,"[[0.9192387461662292, -0.4949747323989868], [0.9192387461662292, 0.4949747323989868]]","[[1.5, 0.0], [0.0, 0.6000000238418579]]",False,500,0.5521874137222766,0.6669418215751648,0.42590059991925955,10.7639830827713,2.555861473083496,6.279023790359497,0.6667738556861877,0.425651197694242,10.764024138450623,2.555227279663086,6.2795603513717655,0.5444794297218323,0.36304118372499944,19.09227046966553,3.742037296295166,8.544367623329162,-23.43932100981474,0.0,1.1992971897125244,1.104577898979187,-242455.88594852015,-771404.5014575124,-528948.6155089922,-19.68547890931368,-76.58034355789422,-56.894864648580544,-9.887562314979732,-17.82114718928933,-7.933584874309599,0,0,-9.887562314979732,-9.751317719742655,0.136244595237077
7,5,3,"[[0.9192387461662292, -0.4949747323989868], [0.9192387461662292, 0.4949747323989868]]","[[1.0, 0.75], [0.0, 1.0]]",False,500,0.5278617672622203,0.03041643276810646,0.08409870434552431,14.10898232460022,0.17814992368221283,8.003080487251282,0.03029833920300007,0.08401527516543865,14.109011793136597,0.17745862901210785,8.00363302230835,0.0586366169154644,0.08278505802154541,24.7367000579834,0.6042860746383667,10.880963611602784,-31.201835358887912,0.0,1.6298879384994507,1.3884881734848022,-838643.3141509071,-1037158.5707241669,-198515.25657325983,-71.84179575741291,-35.59356568008661,36.2482300773263,-9.55224299095571,-27.086910229548813,-17.5346672385931,4000,1000,-9.55224299095571,-27.086910229548813,-17.5346672385931
7,6,3,"[[0.9192387461662292, -0.4949747323989868], [0.9192387461662292, 0.4949747323989868]]","[[-1.0, 0.0], [0.0, 1.0]]",False,500,0.4591140583157539,-0.832942008972168,-0.2974826829507947,16.391665840148924,-2.7769546508789062,9.81017780303955,-0.8328117728233337,-0.2974164612591267,16.391690254211426,-2.776524543762207,9.810720372200013,-0.6775248646736145,-0.25526140686124565,29.46280164718628,-4.057866096496582,13.344677925109863,-329.9133802384138,0.0,2.2424380779266357,2.2305543422698975,-556041.2206027657,-5779019.116091728,-5222977.8954889625,-80.93817140460014,-142.19715695679187,-61.25898555219173,-9.366942669451237,-327.9621233224869,-318.59518065303564,6000,,-9.366942669451237,-119.82518451213836,-110.45824184268713
7,7,3,"[[0.9192387461662292, -0.4949747323989868], [0.9192387461662292, 0.4949747323989868]]","[[0.9192387461662292, -0.4949747323989868], [0.9192387461662292, 0.4949747323989868]]",True,500,0.5444559276103973,0.9349914193153381,0.6216006688773632,12.54429841041565,4.0576395988464355,5.815214824676514,0.9352747797966003,0.6218358393758535,12.544331645965576,4.058879852294922,5.81577570438385,0.7122086882591248,0.45856418907642366,20.51154375076294,5.0558576583862305,7.905429792404175,-3.973875443637371,1.0,0.0,0.0,-380462.6676863991,-435507.85506051034,-55045.187374111265,-65.66110553592443,-72.23181573599577,-6.570710200071332,-11.70968734268099,-7.745987417176366,3.963699925504624,3000,3000,-8.00200465582311,-6.345017509162426,1.6569871466606845
0,0,4,"[[1.0, 0.0], [0.0, 1.0]]","[[1.0, 0.0], [0.0, 1.0]]",True,500,0.5276599861681461,0.9802460670471191,0.5567496847361326,10.71777539253235,3.0012285709381104,5.475140786170959,0.9801167845726013,0.5567644782364368,10.717807340621949,3.000842571258545,5.4755815148353575,0.7481005191802979,0.4275092609226704,19.6938597202301,4.322291851043701,7.439350724220276,-4.662305225804448,1.0,0.0,0.0,-636899.7694749385,-320001.2841159478,316898.4853589907,-54.42955215871334,-31.1839210562408,23.245631102472544,-9.853745837509631,-6.767187450826168,3.086558386683463,0,0,-9.853745837509631,-6.767187450826168,3.086558386683463
0,1,4,"[[1.0, 0.0], [0.0, 1.0]]","[[0.7071067690849304, -0.7071067690849304], [0.7071067690849304, 0.7071067690849304]]",False,500,0.5869006030261517,0.5819088816642761,0.4574604704044759,9.55745358467102,2.1203556060791016,4.784371399879456,0.581756591796875,0.4573652122169733,9.557485365867615,2.1198081970214844,4.784777069091797,0.4704708158969879,0.3637561809271574,17.319078350067137,3.1558687686920166,6.511469578742981,-17.350150280073287,0.0,1.0823922157287598,0.7653668522834778,-467012.95543536544,-578167.8687801585,-111154.91334479302,-49.766116086766125,-63.09121031835675,-13.325094231590626,-8.466151136159898,-18.71241255775094,-10.246261421591043,4000,5000,-8.319574436545372,-7.999784171953797,0.31979026459157467
0,2,4,"[[1.0, 0.0], [0.0, 1.0]]","[[6.123234262925839e-17, -1.0], [1.0, 6.123234262925839e-17]]",False,500,0.5347841028124094,-0.06392627209424973,-0.1218439457938075,10.63747172355652,-0.24163338541984558,5.465291047096253,-0.0640249252319336,-0.12191384453326463,10.637499952316285,-0.24200695753097534,5.465697193145752,0.0028204554691910744,-0.0833106997422874,19.085575008392333,0.01918002963066101,7.4380008459091185,-68.19875742346048,0.0,2.0,1.4142135381698608,-330507.6523317024,-1049548.6231446266,-719040.9708129242,-52.72730661183596,-79.38303948640824,-26.65573287457228,-9.175982140377164,-26.897996140643954,-17.72201400026679,3000,8000,-8.867171411216258,-11.586244892328978,-2.7190734811127193
0,3,4,"[[1.0, 0.0], [0.0, 1.0]]","[[-1.0, -1.2246468525851679e-16], [1.2246468525851679e-16, -1.0]]",False,500,0.5040839642286301,-0.8616938591003418,-0.49357832968235016,16.570486974716186,-3.0535435676574707,10.414026355743408,-0.8618861436843872,-0.49368707537651063,16.570505809783935,-3.0542290210723877,10.414448595046997,-0.49908608198165894,-0.2972919155843556,32.36847257614136,-3.477128028869629,14.149921417236328,-328.816935557127,0.0,2.8284270763397217,2.0,-989810.8609367162,-5944864.936257899,-4955054.075321183,-132.3846583813429,-181.10119440555573,-48.71653602421284,-10.794596198946238,-330.7223525941372,-319.92775639519095,7000,,-10.794596198946238,-160.57957197129727,-149.78497577235103
0,4,4,"[[1.0, 0.0], [0.0, 1.0]]","[[1.5, 0.0], [0.0, 0.6000000238418579]]",False,500,0.5697860337793828,0.8302613496780396,0.5344401130452752,7.556259179115296,2.0845112800598145,5.414920306205749,0.8302745223045349,0.5345190826803445,7.5563058137893675,2.0845603942871094,5.415368068218231,0.43741148710250854,0.30828027481584286,17.14318218231201,2.734473705291748,7.352065634727478,-2.9417350261006505,1.0,0.6403123736381531,0.5,-303142.0994402841,-211720.3666090034,91421.73283128068,-31.49959520995617,-22.060265257954597,9.439329952001572,-9.8052341748029,-5.505866916663945,4.299367258138955,0,0,-9.8052341748029,-5.505866916663945,4.299367258138955
0,5,4,"[[1.0, 0.0], [0.0, 1.0]]","[[1.0, 0.75], [0.0, 1.0]]",False,500,0.5185773618519306,0.8707162737846375,0.5450650252401829,12.923516345024108,3.5083913803100586,8.135359501838684,0.8706711530685425,0.5450242452323437,12.923544526100159,3.5082175731658936,8.135804033279419,0.5772342085838318,0.3788024427369237,26.005380296707152,4.855688095092773,11.047866010665894,-4.797835318185389,1.0,0.75,0.75,-1780490.6169328839,-313461.0055582598,1467029.611374624,-98.74732624702156,-67.9448340382427,30.802492208778858,-30.590128329396247,-6.357729772850871,24.232398556545377,0,0,-16.22724278755486,-6.357729772850871,9.86951301470399
0,6,4,"[[1.0, 0.0], [0.0, 1.0]]","[[-1.0, 0.0], [0.0, 1.0]]",False,500,0.5345218077301979,-0.2287188172340393,-0.12023088235873729,20.652656936645506,-1.1675825119018555,12.678712844848633,-0.22883479297161102,-0.12030711302068084,20.652671909332277,-1.168175458908081,12.679134750366211,-0.07697542756795883,-0.03565060943365097,40.93603515625,-0.7831959128379822,17.226092004776,-281.7667915165424,0.0,2.0,2.0,-858327.1396452561,-5155539.1433134675,-4297212.003668211,-126.81566941738129,-165.99291222989558,-39.177242812514294,-10.646336201950907,-280.12821490764617,-269.48187870569524,6000,,-10.646336201950907,-155.50211522877217,-144.85577902682127
0,7,4,"[[1.0, 0.0], [0.0, 1.0]]","[[0.9192387461662292, -0.4949747323989868], [0.9192387461662292, 0.4949747323989868]]",False,500,0.4861327916383743,0.8313289880752563,0.3559277031570673,8.994837021827697,1.7627592086791992,4.883561897277832,0.8312574028968811,0.3559721942991018,8.99487054347992,1.7626146078109741,4.8839672923088076,0.6547466516494751,0.2712639387696981,16.480341339111327,2.5787854194641113,6.64652693271637,-18.359066519141198,0.0,1.162571668624878,1.0653667449951172,-423067.1714125201,-805187.0462991297,-382119.8748866096,-56.09641727283597,-74.43228183537721,-18.33586456254124,-7.999753427132964,-27.759592972695827,-19.759839545562862,4000,6000,-7.999753427132964,-11.54268969297409,-3.542936265841126
1,0,4,"[[0.7071067690849304, -0.7071067690849304], [0.7071067690849304, 0.7071067690849304]]","[[1.0, 0.0], [0.0, 1.0]]",False,500,0.5276599861681461,0.5160521864891052,0.3655382305383682,14.855571818351745,2.2371225357055664,10.639517068862915,0.51592618227005,0.3655372500419617,14.855625128746032,2.236584424972534,10.64053316116333,0.3879106342792511,0.2565829560160637,29.866375160217284,3.4432554244995117,14.454600429534912,-26.462202437222004,0.0,1.0823922157287598,0.7653668522834778,-636899.7694749385,-1029777.2634027526,-392877.49392781407,-54.42955215871334,-48.01036613844335,6.41918602026999,-9.853745837509631,-24.25181603729725,-14.398070199787618,0,0,-9.853745837509631,-24.25181603729725,-14.398070199787618
1,1,4,"[[0.7071067690849304, -0.7071067690849304], [0.7071067690849304, 0.7071067690849304]]","[[0.7071067690849304, -0.7071067690849304], [0.7071067690849304, 0.7071067690849304]]",True,500,0.5869006030261517,0.9672464728355408,0.7171626478433609,13.900601148605347,5.249695777893066,9.34845609664917,0.9670964479446411,0.7170682415366173,13.900652742385864,5.248901844024658,9.349418330192567,0.7335942387580872,0.5428434213390574,26.257014179229735,7.579256534576416,12.723489427566529,-3.136414987873286,1.0,0.0,0.0,-467012.95543536544,-358097.69640211016,108915.25903325528,-49.766116086766125,-49.07982523068786,0.6862908560782657,-8.466151136159898,-6.447847041860223,2.0183040942996744,4000,2000,-8.319574436545372,-6.447847041860223,1.8717273946851485
1,2,4,"[[0.7071067690849304, -0.7071067690849304], [0.7071067690849304, 0.7071067690849304]]","[[6.123234262925839e-17, -1.0], [1.0, 6.123234262925839e-17]]",False,500,0.5347841028124094,0.5088321566581726,0.2931479187682271,15.047489976882934,2.7504968643188477,10.129314589500428,0.5087461471557617,0.29308920055627824,15.047537469863892,2.7500405311584473,10.130277395248413,0.3904094994068146,0.21518284864723683,28.46288480758667,4.003178119659424,13.78574080467224,-24.928178710490464,0.0,1.0823922157287598,0.7653668522834778,-330507.6523317024,-755465.4556002468,-424957.8032685444,-52.72730661183596,-69.61023070961237,-16.88292409777641,-9.175982140377164,-21.902203348279,-12.726221207901835,3000,6000,-8.867171411216258,-9.280586525797844,-0.41341511458158564
1,3,4,"[[0.7071067690849304, -0.7071067690849304], [0.7071067690849304, 0.7071067690849304]]","[[-1.0, -1.2246468525851679e-16], [1.2246468525851679e-16, -1.0]]",False,500,0.5040839642286301,-0.9545636177062988,-0.5131672635674477,21.236643886566164,-4.346701622009277,16.699476575851442,-0.954779326915741,-0.5132911279797554,21.236678314208984,-4.347691059112549,16.700460481643677,-0.5369160771369934,-0.29611761663109065,43.94848136901855,-5.087962627410889,22.70888786315918,-334.55760527849196,0.0,2.613126039505005,1.8477591276168823,-989810.8609367162,-4718992.21535027,-3729181.354413554,-132.3846583813429,-174.0223625063896,-41.637704125046724,-10.794596198946238,-326.8041386157274,-316.0095424167812,7000,,-10.794596198946238,-160.57957197129727,-149.78497577235103
1,4,4,"[[0.7071067690849304, -0.7071067690849304], [0.7071067690849304, 0.7071067690849304]]","[[1.5, 0.0], [0.0, 0.6000000238418579]]",False,500,0.5697860337793828,0.4380623996257782,0.341310692159459,10.560316729545594,1.631686806678772,10.067265844345092,0.4380697011947632,0.3413669583387673,10.560392808914184,1.6317270994186401,10.068291068077087,0.22893570363521576,0.192015222273767,24.8755184173584,2.119173288345337,13.669325971603394,-21.658105420321228,0.0,1.280683994293213,1.2358598709106445,-303142.0994402841,-628557.6772181317,-325415.57777784765,-31.49959520995617,-16.321239161118864,15.178356048837305,-9.8052341748029,-21.65910063460469,-11.853866459801791,0,0,-9.8052341748029,-16.321239161118864,-6.516004986315965
1,5,4,"[[0.7071067690849304, -0.7071067690849304], [0.7071067690849304, 0.7071067690849304]]","[[1.0, 0.75], [0.0, 1.0]]",False,500,0.5185773618519306,0.2590443789958954,0.2381968041881919,17.00495853424072,1.4036502838134766,14.74251070022583,0.25899484753608704,0.23814341109246015,17.005006742477416,1.403385877609253,14.743531322479248,0.16303914785385132,0.15888589317037258,38.86993980407715,2.0810437202453613,20.020524883270262,-42.359328078478576,0.8,1.6717455387115479,1.4960448741912842,-1780490.6169328839,-1124979.0850395337,655511.5318933502,-98.74732624702156,-34.349245219677684,64.39808102734388,-30.590128329396247,-31.765478130802514,-1.1753498014062664,0,0,-16.22724278755486,-29.708541209995747,-13.481298422440886
1,6,4,"[[0.7071067690849304, -0.7071067690849304], [0.7071067690849304, 0.7071067690849304]]","[[-1.0, 0.0], [0.0, 1.0]]",False,500,0.5345218077301979,-0.8596025109291077,-0.46849109083414076,25.981364059448243,-5.527803421020508,22.29523410797119,-0.8597322702407837,-0.4685790963470936,25.981392097473144,-5.52864408493042,22.29621648788452,-0.4106736481189728,-0.21927995318546892,60.43759326934814,-6.1824188232421875,30.296485137939452,-334.6975227087736,0.0,2.0,2.0,-858327.1396452561,-5934001.106080413,-5075673.966435157,-126.81566941738129,-175.21127204298972,-48.39560262560843,-10.646336201950907,-332.0188356429338,-321.3724994409829,6000,,-10.646336201950907,-155.50211522877217,-144.85577902682127
1,7,4,"[[0.7071067690849304, -0.7071067690849304], [0.7071067690849304, 0.7071067690849304]]","[[0.9192387461662292, -0.4949747323989868], [0.9192387461662292, 0.4949747323989868]]",False,500,0.4861327916383743,0.9787929654121399,0.4586872823536396,12.995793437957763,3.061779499053955,9.130315065383911,0.9787449836730957,0.458743385784328,12.995848512649536,3.061642646789551,9.131276440620422,0.7130483388900757,0.3204068484483287,24.983049583435058,4.321236610412598,12.42691457271576,-19.189041635394098,0.0,0.42426401376724243,0.30000001192092896,-423067.1714125201,-393909.20186787844,29157.969544641674,-56.09641727283597,-60.174307968467474,-4.077890695631503,-7.999753427132964,-26.627198863774538,-18.627445436641572,4000,3000,-7.999753427132964,-6.25520809777081,1.744545329362154
2,0,4,"[[6.123234262925839e-17, -1.0], [1.0, 6.123234262925839e-17]]","[[1.0, 0.0], [0.0, 1.0]]",False,500,0.5276599861681461,-0.2189444899559021,-0.006303268857300282,12.23352599143982,-0.778245747089386,6.636172580718994,-0.21907939016819,-0.006342017836868763,12.233560705184937,-0.7787275314331055,6.636719441413879,-0.13945500552654266,-0.00861941184848547,22.759446716308595,-0.9392564296722412,9.011346864700318,-110.54488624036313,0.0,2.0,1.4142135381698608,-636899.7694749385,-1823253.0244627967,-1186353.2549878582,-54.42955215871334,-65.78007490485906,-11.350522746145721,-9.853745837509631,-73.6184192493558,-63.76467341184616,0,0,-9.853745837509631,-38.58088688738644,-28.72714104987681
2,1,4,"[[6.123234262925839e-17, -1.0], [1.0, 6.123234262925839e-17]]","[[0.7071067690849304, -0.7071067690849304], [0.7071067690849304, 0.7071067690849304]]",False,500,0.5869006030261517,0.751053512096405,0.5566938355565071,11.724189805984498,3.391247510910034,5.983399701118469,0.7509053349494934,0.5566030830144882,11.724222087860108,3.3905885219573975,5.983909440040589,0.5865621566772461,0.44113813508301974,21.143133640289307,4.813776969909668,8.143161511421203,-22.978477887809277,0.0,1.0823922157287598,0.7653668522834778,-467012.95543536544,-868225.0508578494,-401212.095422484,-49.766116086766125,-27.894877416267992,21.871238670498133,-8.466151136159898,-26.262446266040207,-17.79629512988031,4000,1000,-8.319574436545372,-20.285099892690777,-11.965525456145405
2,2,4,"[[6.123234262925839e-17, -1.0], [1.0, 6.123234262925839e-17]]","[[6.123234262925839e-17, -1.0], [1.0, 6.123234262925839e-17]]",True,500,0.5347841028124094,0.9874066114425659,0.6884505176916719,13.308336067199708,4.691679000854492,6.929000329971314,0.9872862100601196,0.6883685125038028,13.308364152908325,4.691117286682129,6.929510235786438,0.7632361054420471,0.5396345376968383,23.63559560775757,6.436024188995361,9.429660558700562,-4.590023214370012,1.0,0.0,0.0,-330507.6523317024,-276159.5843549818,54348.06797672063,-52.72730661183596,-51.63863571733236,1.0886708945035934,-9.175982140377164,-6.1281041644513605,3.047877975925803,3000,2000,-8.867171411216258,-6.1281041644513605,2.7390672467648978
2,3,4,"[[6.123234262925839e-17, -1.0], [1.0, 6.123234262925839e-17]]","[[-1.0, -1.2246468525851679e-16], [1.2246468525851679e-16, -1.0]]",False,500,0.5040839642286301,-0.3451802730560303,-0.1401626944541931,18.758087730407716,-1.384422779083252,11.392884540557862,-0.34538307785987854,-0.14027122259140015,18.75810890197754,-1.3852380514144897,11.39341607093811,-0.18154451251029968,-0.06871724287047982,35.03996315002441,-1.365433692932129,15.495070886611938,-88.70163930356503,0.0,2.0,1.4142135381698608,-989810.8609367162,-2147223.6592378467,-1157412.7983011305,-132.3846583813429,-150.079255259037,-17.694596877694124,-10.794596198946238,-51.95199869051576,-41.15740249156952,7000,,-10.794596198946238,-51.95199869051576,-41.15740249156952
2,4,4,"[[6.123234262925839e-17, -1.0], [1.0, 6.123234262925839e-17]]","[[1.5, 0.0], [0.0, 0.6000000238418579]]",False,500,0.5697860337793828,-0.3454663157463074,-0.14256019438616932,8.921452236175536,-1.0963034629821777,5.802329468727112,-0.3454335629940033,-0.14250655395444484,8.921500706672669,-1.0962060689926147,5.80288565158844,-0.20925258100032806,-0.08929418260231614,18.673355102539062,-1.4472777843475342,7.878334665298462,-82.86535021066666,0.0,2.1470911502838135,1.899999976158142,-303142.0994402841,-1211408.631362766,-908266.531922482,-31.49959520995617,-17.851438995078205,13.648156214877964,-9.8052341748029,-33.073268158361316,-23.268033983558418,0,0,-9.8052341748029,-17.851438995078205,-8.046204820275305
2,5,4,"[[6.123234262925839e-17, -1.0], [1.0, 6.123234262925839e-17]]","[[1.0, 0.75], [0.0, 1.0]]",False,500,0.5185773618519306,-0.4882833659648895,-0.1786353245843202,13.99971182346344,-2.1457056999206543,9.180870628356933,-0.48832467198371887,-0.17865400700829923,13.999743008613587,-2.1458921432495117,9.18142318725586,-0.3064406216144562,-0.10423355400562287,28.06193037033081,-2.78281831741333,12.466163229942321,-167.99006409943104,0.0,2.462214469909668,2.075183868408203,-1780490.6169328839,-2723214.2274342477,-942723.6105013639,-98.74732624702156,-70.92462036535144,27.822705881670117,-30.590128329396247,-149.32567175924777,-118.73554342985152,0,0,-16.22724278755486,-49.99419568479061,-33.766952897235754
2,6,4,"[[6.123234262925839e-17, -1.0], [1.0, 6.123234262925839e-17]]","[[-1.0, 0.0], [0.0, 1.0]]",False,500,0.5345218077301979,-0.9398922920227051,-0.5102525536902249,20.517568397521973,-4.761062145233154,13.553173685073853,-0.9400343894958496,-0.5103402287699282,20.5175874710083,-4.761786460876465,13.553703927993775,-0.5912138819694519,-0.3178517248481512,40.9815149307251,-6.014730453491211,18.436044645309448,-329.9061972618103,0.0,2.0,2.0,-858327.1396452561,-5690619.999016821,-4832292.859371565,-126.81566941738129,-168.25120818316935,-41.43553876578807,-10.646336201950907,-329.16084705591203,-318.5145108539611,6000,,-10.646336201950907,-155.50211522877217,-144.85577902682127
2,7,4,"[[6.123234262925839e-17, -1.0], [1.0, 6.123234262925839e-17]]","[[0.9192387461662292, -0.4949747323989868], [0.9192387461662292, 0.4949747323989868]]",False,500,0.4861327916383743,0.4968099296092987,0.2838996957987547,11.605730009078979,1.380265474319458,6.195465183258056,0.496711403131485,0.28391591059044,11.605762386322022,1.3799958229064941,6.19597442150116,0.3712533712387085,0.18936347272247075,20.75227665901184,1.8508272171020508,8.431995630264282,-22.520122453570366,0.0,1.162571668624878,1.0653667449951172,-423067.1714125201,-625385.0601460785,-202317.88873355836,-56.09641727283597,-42.692525289207694,13.403891983628277,-7.999753427132964,-10.606186038255691,-2.6064326111227274,4000,6000,-7.999753427132964,-9.110284964367747,-1.1105315372347828
3,0,4,"[[-1.0, -1.2246468525851679e-16], [1.2246468525851679e-16, -1.0]]","[[1.0, 0.0], [0.0, 1.0]]",False,500,0.5276599861681461,-0.9764677882194519,-0.5460077196359634,13.279360628128051,-3.8182718753814697,7.809510803222656,-0.9766018390655518,-0.5460473065264523,13.279418563842773,-3.818812370300293,7.8104736566543576,-0.6154765486717224,-0.34140554573386905,26.282070112228393,-4.834300994873047,10.612209439277649,-322.7192700922489,0.0,2.8284270763397217,2.0,-636899.7694749385,-5546266.006277688,-4909366.236802749,-54.42955215871334,-65.39376597926021,-10.964213820546867,-9.853745837509631,-331.1385036468506,-321.284757809341,0,0,-9.853745837509631,-38.58088688738644,-28.72714104987681
3,1,4,"[[-1.0, -1.2246468525851679e-16], [1.2246468525851679e-16, -1.0]]","[[0.7071067690849304, -0.7071067690849304], [0.7071067690849304, 0.7071067690849304]]",False,500,0.5869006030261517,-0.5641863346099854,-0.42837833929806945,12.42946000099182,-2.7244789600372314,7.157609462738037,-0.5643472671508789,-0.428477462567389,12.429514265060424,-2.725268602371216,7.1585200548172,-0.343891441822052,-0.2709966535447165,24.376648712158204,-3.2946605682373047,9.742270588874817,-221.53561182618142,0.0,2.613126039505005,1.8477591276168823,-467012.95543536544,-3527396.3640347123,-3060383.408599347,-49.766116086766125,-57.884716774523255,-8.11860068775713,-8.466151136159898,-198.92154021263121,-190.4553890764713,4000,,-8.319574436545372,-57.884716774523255,-49.56514233797788
3,2,4,"[[-1.0, -1.2246468525851679e-16], [1.2246468525851679e-16, -1.0]]","[[6.123234262925839e-17, -1.0], [1.0, 6.123234262925839e-17]]",False,500,0.5347841028124094,0.10853587836027145,0.14560363478958607,13.7605890750885,0.5344594120979309,8.40802812576294,0.10843722522258759,0.14553203284740449,13.760637903213501,0.5339756011962891,8.408939528465272,0.1327197402715683,0.13089349046931603,27.075622463226317,1.2908387184143066,11.443748474121094,-108.9634786427021,0.0,2.0,1.4142135381698608,-330507.6523317024,-1698187.720040232,-1367680.0677085295,-52.72730661183596,-52.32488403469324,0.40242257714271545,-9.175982140377164,-46.76832563541829,-37.59234349504113,3000,13000,-8.867171411216258,-12.830203671380877,-3.963032260164619
3,3,4,"[[-1.0, -1.2246468525851679e-16], [1.2246468525851679e-16, -1.0]]","[[-1.0, -1.2246468525851679e-16], [1.2246468525851679e-16, -1.0]]",True,500,0.5040839642286301,0.8803228735923767,0.49981837570667265,20.06792106628418,3.7796077728271484,14.95660343170166,0.8800923228263855,0.4996881753206253,20.067955780029298,3.7786247730255127,14.957536315917968,0.6642417907714844,0.37666538413614037,42.55198726654053,6.0895771980285645,20.324015426635743,-4.565300410520285,1.0,0.0,0.0,-989810.8609367162,-750479.8485990614,239331.01233765483,-132.3846583813429,-118.73211422860622,13.652544152736667,-10.794596198946238,-6.602877049893141,4.191719149053097,7000,4000,-10.794596198946238,-6.602877049893141,4.191719149053097
3,4,4,"[[-1.0, -1.2246468525851679e-16], [1.2246468525851679e-16, -1.0]]","[[1.5, 0.0], [0.0, 0.6000000238418579]]",False,500,0.5697860337793828,-0.9700179696083069,-0.6500232672318816,9.383268904685973,-3.299778461456299,7.143005132675171,-0.9699942469596863,-0.649977882951498,9.383351230621338,-3.2997279167175293,7.143977332115173,-0.5462439656257629,-0.38765625059604647,22.426326560974122,-4.609864234924316,9.699414610862732,-312.70357834100724,0.0,2.9681644439697266,2.5,-303142.0994402841,-5201246.840511821,-4898104.741071537,-31.49959520995617,-22.57629389241338,8.92330131754279,-9.8052341748029,-331.5175652146339,-321.71233103983104,0,0,-9.8052341748029,-22.49914655275643,-12.693912377953529
3,5,4,"[[-1.0, -1.2246468525851679e-16], [1.2246468525851679e-16, -1.0]]","[[1.0, 0.75], [0.0, 1.0]]",False,500,0.5185773618519306,-0.888511061668396,-0.5450786959379912,14.731967115402222,-4.188385009765625,10.07619137763977,-0.8885624408721924,-0.5451298907399178,14.732020044326783,-4.188642501831055,10.07715950012207,-0.5378726720809937,-0.34465375170111656,31.566737747192384,-5.574918270111084,13.684769582748412,-321.6514867305756,0.0,2.9261748790740967,2.4098525047302246,-1780490.6169328839,-5881025.449215993,-4100534.8322831094,-98.74732624702156,-69.39843856208026,29.348887684941303,-30.590128329396247,-337.5141527414322,-306.924024412036,0,0,-16.22724278755486,-49.99419568479061,-33.766952897235754
3,6,4,"[[-1.0, -1.2246468525851679e-16], [1.2246468525851679e-16, -1.0]]","[[-1.0, 0.0], [0.0, 1.0]]",False,500,0.5345218077301979,0.2586682140827179,0.1332696304656565,21.576376724243165,1.3784308433532715,14.273609685897828,0.25851011276245117,0.13316479595378042,21.57640895843506,1.3775904178619385,14.27454161643982,0.24857716262340546,0.12730909157544373,44.998528480529785,2.779630661010742,19.39363899230957,-137.94136547930538,0.2,2.0,2.0,-858327.1396452561,-3422283.4582969546,-2563956.3186516985,-126.81566941738129,-126.64664610624314,0.1690233111381474,-10.646336201950907,-192.72548102140428,-182.07914481945338,6000,,-10.646336201950907,-90.19824455082417,-79.55190834887327
3,7,4,"[[-1.0, -1.2246468525851679e-16], [1.2246468525851679e-16, -1.0]]","[[0.9192387461662292, -0.4949747323989868], [0.9192387461662292, 0.4949747323989868]]",False,500,0.4861327916383743,-0.7772507667541504,-0.3214137114584446,11.895173358917237,-2.2233519554138184,7.155296182632446,-0.7773034572601318,-0.3213541015982628,11.895230102539063,-2.223513603210449,7.156206369400024,-0.48281043767929077,-0.19231933013070374,23.357953214645384,-2.734278678894043,9.739236688613891,-321.17384186685086,0.0,2.647343397140503,2.147758960723877,-423067.1714125201,-4831602.481626719,-4408535.310214199,-56.09641727283597,-55.41801257506013,0.6784046977758393,-7.999753427132964,-314.83998598456384,-306.84023255743085,4000,,-7.999753427132964,-55.41801257506013,-47.41825914792717
4,0,4,"[[1.5, 0.0], [0.0, 0.6000000238418579]]","[[1.0, 0.0], [0.0, 1.0]]",False,500,0.5276599861681461,0.9738091826438904,0.5559897392988205,12.128665709495545,3.3841047286987305,7.117567038536071,0.973604679107666,0.5559714213013649,12.128734731674195,3.3834147453308105,7.1186399221420285,0.6892577409744263,0.39666835591197014,24.185122203826904,4.923491954803467,9.672630381584167,-4.598891737870872,1.0,0.6403123736381531,0.5,-636899.7694749385,-295743.9355323091,341155.8339426294,-54.42955215871334,-25.261252726241946,29.168299432471397,-9.853745837509631,-6.472882000356913,3.3808638371527184,0,0,-9.853745837509631,-6.472882000356913,3.3808638371527184
4,1,4,"[[1.5, 0.0], [0.0, 0.6000000238418579]]","[[0.7071067690849304, -0.7071067690849304], [0.7071067690849304, 0.7071067690849304]]",False,500,0.5869006030261517,0.5727930665016174,0.45146212810650466,10.991558122634888,2.4230270385742188,6.248158311843872,0.5725663304328918,0.45131102195009587,10.991627740859986,2.422083854675293,6.249179720878601,0.4364463686943054,0.3382077233865857,21.421121215820314,3.6573212146759033,8.505037593841553,-15.775694265589118,0.0,1.280683994293213,1.2358598709106445,-467012.95543536544,-633172.9253945872,-166159.96995922178,-49.766116086766125,-63.0151703953743,-13.249054308608173,-8.466151136159898,-10.778421644121408,-2.312270507961511,4000,5000,-8.319574436545372,-7.915624141320587,0.4039502952247851
4,2,4,"[[1.5, 0.0], [0.0, 0.6000000238418579]]","[[6.123234262925839e-17, -1.0], [1.0, 6.123234262925839e-17]]",False,500,0.5347841028124094,-0.11149440705776215,-0.15011803321540357,12.295654153823852,-0.48951607942581177,7.1767860651016235,-0.1116853803396225,-0.15024752281606196,12.295715522766113,-0.49035707116127014,7.177807855606079,-0.02082584984600544,-0.09120635613799095,23.76136531829834,-0.17744597792625427,9.768649482727051,-66.16698144674301,0.0,2.1470911502838135,1.899999976158142,-330507.6523317024,-1098178.8564031944,-767671.204071492,-52.72730661183596,-80.72649771273136,-27.999191100895402,-9.175982140377164,-27.695255392417312,-18.51927325204015,3000,9000,-8.867171411216258,-8.882095993496478,-0.014924582280219312
4,3,4,"[[1.5, 0.0], [0.0, 0.6000000238418579]]","[[-1.0, -1.2246468525851679e-16], [1.2246468525851679e-16, -1.0]]",False,500,0.5040839642286301,-0.8325738906860352,-0.4761671021580696,19.154935359954834,-3.4159798622131348,13.715301084518433,-0.8328539729118347,-0.4763207368552685,19.15497570037842,-3.4171364307403564,13.716354513168335,-0.42078107595443726,-0.2518364307936281,41.09333381652832,-3.7335071563720703,18.63525505065918,-330.2210683077574,0.0,2.9681644439697266,2.5,-989810.8609367162,-5940098.955588043,-4950288.094651327,-132.3846583813429,-180.22767587900162,-47.843017497658735,-10.794596198946238,-330.7891205370426,-319.99452433809637,7000,,-10.794596198946238,-160.57957197129727,-149.78497577235103
4,4,4,"[[1.5, 0.0], [0.0, 0.6000000238418579]]","[[1.5, 0.0], [0.0, 0.6000000238418579]]",True,500,0.5697860337793828,0.8314013481140137,0.5391138013452291,8.616412425041199,2.394259214401245,7.248419737815857,0.8314419388771057,0.5392500665038824,8.616511750221253,2.3944098949432373,7.24950602054596,0.3816826343536377,0.2750094007700682,22.11044397354126,3.1177968978881836,9.842833161354065,-2.903820565994829,1.0,0.0,0.0,-303142.0994402841,-212868.26548110694,90273.83395917714,-31.49959520995617,-22.060760536789893,9.438834673166276,-9.8052341748029,-5.334205412864685,4.471028761938214,0,0,-9.8052341748029,-5.334205412864685,4.471028761938214
4,5,4,"[[1.5, 0.0], [0.0, 0.6000000238418579]]","[[1.0, 0.75], [0.0, 1.0]]",False,500,0.5185773618519306,0.8515727519989014,0.53303999081254,14.527923274040223,3.8871161937713623,10.415148448944091,0.8515128493309021,0.5330132126808167,14.527984189987183,3.88685941696167,10.416229319572448,0.5116003751754761,0.3362072340911254,32.28221139907837,5.393584251403809,14.145378303527831,-4.789922824408859,1.0,0.9861541390419006,0.9640873670578003,-1780490.6169328839,-297657.17248339206,1482833.4444494918,-98.74732624702156,-64.32668469958007,34.42064154744149,-30.590128329396247,-6.554635396972299,24.03549293242395,0,0,-16.22724278755486,-6.554635396972299,9.672607390582563
4,6,4,"[[1.5, 0.0], [0.0, 0.6000000238418579]]","[[-1.0, 0.0], [0.0, 1.0]]",False,500,0.5345218077301979,-0.29144933819770813,-0.1559096846729517,23.12268648147583,-1.6666041612625122,16.05891270637512,-0.2916296720504761,-0.15602125357836485,23.122719764709473,-1.667637825012207,16.059964656829834,-0.0970039963722229,-0.04800406713038683,50.346429443359376,-1.2159451246261597,21.818263912200926,-283.1604384481907,0.0,2.5317976474761963,2.5,-858327.1396452561,-5190447.492724657,-4332120.353079401,-126.81566941738129,-166.52361339628698,-39.70794397890569,-10.646336201950907,-280.9231667429209,-270.27683054096997,6000,,-10.646336201950907,-155.50211522877217,-144.85577902682127
4,7,4,"[[1.5, 0.0], [0.0, 0.6000000238418579]]","[[0.9192387461662292, -0.4949747323989868], [0.9192387461662292, 0.4949747323989868]]",False,500,0.4861327916383743,0.8129594326019287,0.3483335003256798,10.257674074172973,1.98026442527771,6.284530234336853,0.8127819895744324,0.3483614377677441,10.257748436927795,1.9798473119735718,6.285551238059997,0.6025680303573608,0.24786547292023897,20.302761840820313,2.949124813079834,8.554630470275878,-16.814870390295983,0.0,1.1992971897125244,1.104577898979187,-423067.1714125201,-766606.2283752486,-343539.0569627285,-56.09641727283597,-75.65630540847778,-19.559888135641806,-7.999753427132964,-28.556875866279007,-20.557122439146042,4000,6000,-7.999753427132964,-10.10301224142313,-2.1032588142901663
5,0,4,"[[1.0, 0.75], [0.0, 1.0]]","[[1.0, 0.0], [0.0, 1.0]]",False,500,0.5276599861681461,0.9919650554656982,0.5245026534539647,10.027382373809814,2.824423313140869,4.713107490539551,0.9918169379234314,0.5244976829504594,10.02741367816925,2.8240113258361816,4.713514256477356,0.8275355100631714,0.43638902306556704,16.792383766174318,4.013800621032715,6.402971196174621,-4.9851224351674315,1.0,0.75,0.75,-636899.7694749385,-498766.45975485444,138133.30972008407,-54.42955215871334,-74.84476184137165,-20.415209682658308,-9.853745837509631,-6.999632324650884,2.8541135128587474,0,0,-9.853745837509631,-6.999632324650884,2.8541135128587474
5,1,4,"[[1.0, 0.75], [0.0, 1.0]]","[[0.7071067690849304, -0.7071067690849304], [0.7071067690849304, 0.7071067690849304]]",False,500,0.5869006030261517,0.34915173053741455,0.2657370770582929,9.95117208957672,1.336191177368164,4.695555257797241,0.3490036725997925,0.2656444894266315,9.951200151443482,1.3356285095214844,4.695929741859436,0.31057050824165344,0.231448515644297,17.189955234527588,2.073472023010254,6.390512990951538,-38.23582837060094,0.0,1.6717455387115479,1.4960448741912842,-467012.95543536544,-1091072.016888857,-624059.0614534914,-49.766116086766125,-67.04746052473783,-17.281344437971704,-8.466151136159898,-28.95410118587315,-20.487950049713252,4000,6000,-8.319574436545372,-10.354921828955412,-2.0353473924100403
5,2,4,"[[1.0, 0.75], [0.0, 1.0]]","[[6.123234262925839e-17, -1.0], [1.0, 6.123234262925839e-17]]",False,500,0.5347841028124094,-0.3985830545425415,-0.342759933648631,11.632234382629395,-1.6575270891189575,5.90276734828949,-0.398695707321167,-0.3428381520323455,11.632258224487305,-1.657999038696289,5.90314199924469,-0.2391718029975891,-0.22651393972337247,21.285390758514403,-1.832745909690857,8.033253812789917,-164.19258516430855,0.0,2.462214469909668,2.075183868408203,-330507.6523317024,-2160948.0159887113,-1830440.3636570089,-52.72730661183596,-85.79821235537528,-33.07090574353933,-9.175982140377164,-29.242378445155918,-20.066396304778756,3000,16000,-8.867171411216258,-15.34511397369206,-6.477942562475802
5,3,4,"[[1.0, 0.75], [0.0, 1.0]]","[[-1.0, -1.2246468525851679e-16], [1.2246468525851679e-16, -1.0]]",False,500,0.5040839642286301,-0.598810076713562,-0.3594190314412117,18.11002621650696,-2.3248839378356934,11.359068489074707,-0.5989896655082703,-0.35951713379472494,18.11004195213318,-2.3255832195281982,11.359461307525635,-0.2873280346393585,-0.18038582801818848,37.99270229339599,-2.361799955368042,15.42951316833496,-333.91443627774714,0.0,2.9261748790740967,2.4098525047302246,-989810.8609367162,-5707056.685946882,-4717245.825010166,-132.3846583813429,-178.4380190372467,-46.053360655903816,-10.794596198946238,-331.86317813396454,-321.0685819350183,7000,,-10.794596198946238,-160.57957197129727,-149.78497577235103
5,4,4,"[[1.0, 0.75], [0.0, 1.0]]","[[1.5, 0.0], [0.0, 0.6000000238418579]]",False,500,0.5697860337793828,0.8460295796394348,0.5165580143453553,7.6465287685394285,2.1824278831481934,4.955032801628112,0.8460552096366882,0.5166398185538128,7.646570992469788,2.182508945465088,4.955447518825531,0.5512621998786926,0.35414426773786545,14.7264093875885,2.9077606201171875,6.727682971954346,-7.6067985044792295,0.8,0.9861541390419006,0.9640873670578003,-303142.0994402841,-232364.08620476723,70778.01323551685,-31.49959520995617,-26.428096606023608,5.071498603932561,-9.8052341748029,-6.265196676924825,3.5400374978780746,0,0,-9.8052341748029,-6.265196676924825,3.5400374978780746
5,5,4,"[[1.0, 0.75], [0.0, 1.0]]","[[1.0, 0.75], [0.0, 1.0]]",True,500,0.5185773618519306,0.97352534532547,0.5757944375276566,12.439650464057923,3.7579283714294434,7.188644123077393,0.9734812378883362,0.5757684856653214,12.439676856994629,3.7577667236328125,7.189055562019348,0.7398311495780945,0.4527426510117948,22.075102758407592,5.192202091217041,9.761732578277588,-4.040615775436163,1.0,0.0,0.0,-1780490.6169328839,-429821.87828514725,1350668.7386477366,-98.74732624702156,-95.37684705108404,3.37047919593752,-30.590128329396247,-6.375758827105164,24.214369502291085,0,0,-16.22724278755486,-6.334632919728756,9.892609867826105
5,6,4,"[[1.0, 0.75], [0.0, 1.0]]","[[-1.0, 0.0], [0.0, 1.0]]",False,500,0.5345218077301979,0.11665114760398865,0.06863421881571412,19.513601732254028,0.5621156692504883,10.962859392166138,0.116522416472435,0.06855334527790546,19.51361656188965,0.5614957809448242,10.963251686096191,0.15604662895202637,0.08999445326626301,34.12544536590576,1.3151450157165527,14.902881383895874,-307.67403565943243,0.0,2.136000871658325,2.136000871658325,-858327.1396452561,-5346075.104138255,-4487747.964492999,-126.81566941738129,-157.1455216497183,-30.329852232337004,-10.646336201950907,-312.5998137682676,-301.9534775663167,6000,,-10.646336201950907,-155.50211522877217,-144.85577902682127
5,7,4,"[[1.0, 0.75], [0.0, 1.0]]","[[0.9192387461662292, -0.4949747323989868], [0.9192387461662292, 0.4949747323989868]]",False,500,0.4861327916383743,0.6180103421211243,0.2278244050219655,9.7788875579834,1.4402246475219727,4.969896626472473,0.6179124712944031,0.22784536508843303,9.778916001319885,1.4400010108947754,4.970270705223084,0.5162665843963623,0.18336789407767357,17.165585565567017,2.126476764678955,6.7639213562011715,-39.533731307089326,0.0,1.6298879384994507,1.3884881734848022,-423067.1714125201,-1076150.2381563187,-653083.0667437986,-56.09641727283597,-85.26430906802416,-29.16789179518819,-7.999753427132964,-32.26324085444212,-24.26348742730915,4000,8000,-7.999753427132964,-9.23953707665205,-1.2397836495190866
6,0,4,"[[-1.0, 0.0], [0.0, 1.0]]","[[1.0, 0.0], [0.0, 1.0]]",False,500,0.5276599861681461,-0.7542340159416199,-0.38497390076518057,11.552107405662536,-2.5390944480895996,6.265421533584595,-0.7543569803237915,-0.38499088417738675,11.552142238616943,-2.5395162105560303,6.265941309928894,-0.4922260344028473,-0.24824313689023256,21.71876468658447,-3.172395706176758,8.51310932636261,-280.8954149544239,0.0,2.0,2.0,-636899.7694749385,-4765294.391155802,-4128394.621680863,-54.42955215871334,-52.74009062610567,1.6894615326076732,-9.853745837509631,-279.46696730554106,-269.61322146803144,0,0,-9.853745837509631,-38.58088688738644,-28.72714104987681
6,1,4,"[[-1.0, 0.0], [0.0, 1.0]]","[[0.7071067690849304, -0.7071067690849304], [0.7071067690849304, 0.7071067690849304]]",False,500,0.5869006030261517,-0.4133427143096924,-0.34478896083310245,10.684038209915162,-1.7048234939575195,5.387756490707398,-0.4134865403175354,-0.3448774143587798,10.684071493148803,-1.7054224014282227,5.3882382154464725,-0.2649846374988556,-0.23054073955863713,19.47952518463135,-2.0137600898742676,7.3327398777008055,-302.11936355531213,0.0,2.0,2.0,-467012.95543536544,-5122488.084512949,-4655475.129077584,-49.766116086766125,-59.90150615423918,-10.135390067473054,-8.466151136159898,-307.75537917912004,-299.28922804296013,4000,,-8.319574436545372,-59.41665754914284,-51.09708311259747
6,2,4,"[[-1.0, 0.0], [0.0, 1.0]]","[[6.123234262925839e-17, -1.0], [1.0, 6.123234262925839e-17]]",False,500,0.5347841028124094,0.6747954487800598,0.4347419671714306,11.70121374130249,2.8184046745300293,5.825216007232666,0.6746946573257446,0.4346714675426483,11.701244115829468,2.8179914951324463,5.825697994232177,0.5641767382621765,0.3558844648301601,20.93186483383179,4.224280834197998,7.927994561195374,-328.3242540091276,0.0,2.0,2.0,-330507.6523317024,-4647856.050188839,-4317348.397857137,-52.72730661183596,-47.69548230022192,5.031824311614038,-9.175982140377164,-322.1131139904261,-312.9371318500489,3000,,-8.867171411216258,-47.69548230022192,-38.828310889005664
6,3,4,"[[-1.0, 0.0], [0.0, 1.0]]","[[-1.0, -1.2246468525851679e-16], [1.2246468525851679e-16, -1.0]]",False,500,0.5040839642286301,0.1666267067193985,0.08633524421602487,16.709438133239747,0.595535397529602,9.645053434371949,0.16641725599765778,0.08621841996209696,16.70946035385132,0.59478759765625,9.645553016662598,0.21136893332004547,0.10494474470615386,31.620775127410887,1.4378180503845215,13.104782629013062,-132.83525279611348,0.25,2.0,2.0,-989810.8609367162,-3249191.782912612,-2259380.9219758958,-132.3846583813429,-134.3993449062109,-2.0146865248680115,-10.794596198946238,-183.02374018728733,-172.2291439883411,7000,,-10.794596198946238,-87.29935326278209,-76.50475706383585
6,4,4,"[[-1.0, 0.0], [0.0, 1.0]]","[[1.5, 0.0], [0.0, 0.6000000238418579]]",False,500,0.5697860337793828,-0.9219359159469604,-0.6281024847179651,8.367679738998413,-2.742154836654663,5.6904008150100704,-0.9219114780426025,-0.6280511070042849,8.367729020118713,-2.7420997619628906,5.690928053855896,-0.56736820936203,-0.41296524163335563,18.11555094718933,-3.8187978267669678,7.726255393028259,-287.61294093728065,0.0,2.5317976474761963,2.5,-303142.0994402841,-4653858.15472547,-4350716.055285186,-31.49959520995617,-25.78461504019797,5.714980169758199,-9.8052341748029,-286.35043797492983,-276.54520380012696,0,0,-9.8052341748029,-22.49914655275643,-12.693912377953529
6,5,4,"[[-1.0, 0.0], [0.0, 1.0]]","[[1.0, 0.75], [0.0, 1.0]]",False,500,0.5185773618519306,-0.5203199982643127,-0.25106221898458897,13.205190682411194,-2.1664116382598877,8.716729235649108,-0.520363986492157,-0.25109830107539893,13.20522243976593,-2.166599988937378,8.7172532081604,-0.32506632804870605,-0.15761408573016525,26.899533843994142,-2.8425326347351074,11.83743417263031,-280.44476552307606,0.0,2.136000871658325,2.136000871658325,-1780490.6169328839,-4741965.676644072,-2961475.059711188,-98.74732624702156,-52.9243118904531,45.823014356568464,-30.590128329396247,-279.6357934355736,-249.04566510617735,0,0,-16.22724278755486,-49.99419568479061,-33.766952897235754
6,6,4,"[[-1.0, 0.0], [0.0, 1.0]]","[[-1.0, 0.0], [0.0, 1.0]]",True,500,0.5345218077301979,0.8649504780769348,0.5066968940198422,19.415880298614503,4.149822235107422,12.645579290390014,0.8648146390914917,0.5066085241734981,19.41589946746826,4.149174690246582,12.646077489852905,0.6624966263771057,0.38893189653754234,38.96854648590088,6.4145188331604,17.182539653778075,-4.66746112704277,1.0,0.0,0.0,-858327.1396452561,-717740.4155964032,140586.72404885292,-126.81566941738129,-114.78096825182438,12.03470116555691,-10.646336201950907,-7.429319259151816,3.2170169427990913,6000,4000,-10.646336201950907,-7.429319259151816,3.2170169427990913
6,7,4,"[[-1.0, 0.0], [0.0, 1.0]]","[[0.9192387461662292, -0.4949747323989868], [0.9192387461662292, 0.4949747323989868]]",False,500,0.4861327916383743,-0.3598041236400604,-0.2706097853370011,10.281725311279297,-0.8845077753067017,5.414506101608277,-0.35986876487731934,-0.27056794073432683,10.281759977340698,-0.8846697807312012,5.414987599849701,-0.22230446338653564,-0.1783231507812161,18.672225332260133,-0.9993091225624084,7.369230508804321,-331.24152072668073,0.0,2.2424380779266357,2.2305543422698975,-423067.1714125201,-5351166.896055639,-4928099.724643119,-56.09641727283597,-49.51064634621143,6.585770926624541,-7.999753427132964,-329.4531286180019,-321.45337519086894,4000,,-7.999753427132964,-49.51064634621143,-41.510892919078465
7,0,4,"[[0.9192387461662292, -0.4949747323989868], [0.9192387461662292, 0.4949747323989868]]","[[1.0, 0.0], [0.0, 1.0]]",False,500,0.5276599861681461,0.4511261284351349,0.3488459147512913,9.509726810455323,1.2202811241149902,4.512800216674805,0.45099174976348877,0.3488263927400112,9.509748721122742,1.2199206352233887,4.513070011138916,0.39687108993530273,0.290479695238173,15.897022485733032,1.8246891498565674,6.130398845672607,-30.155848090350627,0.0,1.162571668624878,1.0653667449951172,-636899.7694749385,-911891.3420399651,-274991.5725650266,-54.42955215871334,-43.17555334419012,11.253998814523221,-9.853745837509631,-26.033993002027273,-16.180247164517642,0,0,-9.853745837509631,-24.311237728223205,-14.457491890713573
7,1,4,"[[0.9192387461662292, -0.4949747323989868], [0.9192387461662292, 0.4949747323989868]]","[[0.7071067690849304, -0.7071067690849304], [0.7071067690849304, 0.7071067690849304]]",False,500,0.5869006030261517,0.9870452880859375,0.7404603246599436,8.958007621765137,3.3803629875183105,4.0083715438842775,0.9869053363800049,0.740373544767499,8.958027911186218,3.379892110824585,4.0086174488067625,0.8556463122367859,0.644265010394156,14.474319314956665,4.7744460105896,5.455018162727356,-3.5184330966323616,1.0,0.42426401376724243,0.30000001192092896,-467012.95543536544,-492381.64741862565,-25368.691983260214,-49.766116086766125,-45.957186049968,3.808930036798124,-8.466151136159898,-6.427988547459245,2.0381625887006525,4000,2000,-8.319574436545372,-6.427988547459245,1.8915858890861266
7,2,4,"[[0.9192387461662292, -0.4949747323989868], [0.9192387461662292, 0.4949747323989868]]","[[6.123234262925839e-17, -1.0], [1.0, 6.123234262925839e-17]]",False,500,0.5347841028124094,0.7053869366645813,0.4401004299521446,10.032677841186523,2.5197343826293945,4.49109296798706,0.705254077911377,0.44001391530036926,10.032695817947388,2.5192646980285645,4.491339004039764,0.5891700387001038,0.36496635191142557,16.530326747894286,3.486009120941162,6.111707472801209,-27.13592268154025,0.0,1.162571668624878,1.0653667449951172,-330507.6523317024,-455095.55200077593,-124587.89966907352,-52.72730661183596,-63.298711854219434,-10.571405242383477,-9.175982140377164,-20.072709732502698,-10.896727592125535,3000,4000,-8.867171411216258,-7.927425311505795,0.9397460997104634
7,3,4,"[[0.9192387461662292, -0.4949747323989868], [0.9192387461662292, 0.4949747323989868]]","[[-1.0, -1.2246468525851679e-16], [1.2246468525851679e-16, -1.0]]",False,500,0.5040839642286301,-0.9166933298110962,-0.48459105640649797,14.500806427001953,-2.8433279991149902,7.667684006690979,-0.91688072681427,-0.4846904784440994,14.500819969177247,-2.843912124633789,7.667947387695312,-0.6378436088562012,-0.33996242228895424,25.708194923400878,-3.525620698928833,10.428914213180542,-333.35316217541697,0.0,2.647343397140503,2.147758960723877,-989810.8609367162,-3846196.3176593184,-2856385.4567226022,-132.3846583813429,-170.71653511226177,-38.33187673091888,-10.794596198946238,-199.0647593677044,-188.27016316875816,7000,,-10.794596198946238,-160.57957197129727,-149.78497577235103
7,4,4,"[[0.9192387461662292, -0.4949747323989868], [0.9192387461662292, 0.4949747323989868]]","[[1.5, 0.0], [0.0, 0.6000000238418579]]",False,500,0.5697860337793828,0.19959743320941925,0.21201461106538771,7.402782917022705,0.5067828893661499,4.457060670852661,0.19963353872299194,0.21208301410079003,7.402811861038208,0.5068769454956055,4.4573380708694454,0.13412073254585266,0.15281340926885606,13.45573673248291,0.6483903527259827,6.051304006576538,-26.019444749504327,0.0,1.1992971897125244,1.104577898979187,-303142.0994402841,-601482.835396938,-298340.73595665395,-31.49959520995617,-16.592646477371453,14.906948732584716,-9.8052341748029,-17.693119157105684,-7.887884982302785,0,0,-9.8052341748029,-9.43654145821929,0.3686927165836096
7,5,4,"[[0.9192387461662292, -0.4949747323989868], [0.9192387461662292, 0.4949747323989868]]","[[1.0, 0.75], [0.0, 1.0]]",False,500,0.5185773618519306,0.22933118045330048,0.24452352100051938,11.729766631126404,0.8316404819488525,6.987122869491577,0.22929701209068298,0.24451543125323952,11.72978515625,0.8315179944038391,6.987397336959839,0.17306120693683624,0.1981040076876525,21.88963899612427,1.2120100259780884,9.488045740127564,-30.685722891241312,1.0,1.6298879384994507,1.3884881734848022,-1780490.6169328839,-1015089.4073667005,765401.2095661834,-98.74732624702156,-34.320954927802084,64.42637131921947,-30.590128329396247,-24.50639201886952,6.083736310526728,0,0,-16.22724278755486,-24.50639201886952,-8.279149231314658
7,6,4,"[[0.9192387461662292, -0.4949747323989868], [0.9192387461662292, 0.4949747323989868]]","[[-1.0, 0.0], [0.0, 1.0]]",False,500,0.5345218077301979,-0.824211597442627,-0.44412982985377314,17.967455673217774,-3.65899658203125,10.699838066101075,-0.824330747127533,-0.44420055449008944,17.967466640472413,-3.6595277786254883,10.700100183486938,-0.5054699778556824,-0.26611306685954333,34.41648006439209,-4.318488121032715,14.538302087783814,-334.21003501415254,0.0,2.2424380779266357,2.2305543422698975,-858327.1396452561,-5952972.129425406,-5094644.98978015,-126.81566941738129,-178.36339188814162,-51.547722470760334,-10.646336201950907,-331.2519138902426,-320.60557768829165,6000,,-10.646336201950907,-155.50211522877217,-144.85577902682127
7,7,4,"[[0.9192387461662292, -0.4949747323989868], [0.9192387461662292, 0.4949747323989868]]","[[0.9192387461662292, -0.4949747323989868], [0.9192387461662292, 0.4949747323989868]]",True,500,0.4861327916383743,0.9274395108222961,0.45940917991101743,8.828219676017762,1.942877173423767,4.193414807319641,0.9273174405097961,0.45940311849117277,8.828240084648133,1.9426263570785522,4.193660509586334,0.7747807502746582,0.3705448081716895,14.523741388320923,2.6899259090423584,5.706946873664856,-4.207948507741094,1.0,0.0,0.0,-423067.1714125201,-314660.28103549033,108406.89037702978,-56.09641727283597,-54.5741456836462,1.5222715891897707,-7.999753427132964,-6.308252408728004,1.69150101840496,4000,2000,-7.999753427132964,-6.308252408728004,1.69150101840496
